https://github.com/benjaminaigner/aiproute,https://github.com/benjaminaigner/aiproute/blob/master/app/build.gradle,https://f-droid.org//packages/systems.byteswap.aiproute
https://github.com/tuxmobil/CampFahrplan,https://github.com/tuxmobil/CampFahrplan/blob/master/app/build.gradle,https://f-droid.org//packages/nerd.tuxmobil.fahrplan.camp
https://github.com/openfoodfacts/openfoodfacts-androidapp,https://github.com/openfoodfacts/openfoodfacts-androidapp/blob/master/app/build.gradle,https://f-droid.org//packages/org.openpetfoodfacts.scanner
https://github.com/vitas/beaconloc,https://github.com/vitas/beaconloc/blob/master/app/build.gradle,https://f-droid.org//packages/com.samebits.beacon.locator
https://github.com/douzifly/clear-todolist,https://github.com/douzifly/clear-todolist/blob/master/app/build.gradle,https://f-droid.org//packages/douzifly.list
https://github.com/linuxtage/glt-companion,https://github.com/linuxtage/glt-companion/blob/master/app/build.gradle,https://f-droid.org//packages/at.linuxtage.companion
https://github.com/Dejvino/amdroid,https://github.com/Dejvino/amdroid/blob/master/app/build.gradle,https://f-droid.org//packages/com.sound.ampache
https://github.com/jonan/ForkHub,https://github.com/jonan/ForkHub/blob/master/app/build.gradle,https://f-droid.org//packages/jp.forkhub
https://github.com/Vilbrekin/tinc_gui,https://github.com/Vilbrekin/tinc_gui/blob/master/app/build.gradle,https://f-droid.org//packages/org.poirsouille.tinc_gui
https://github.com/hidroh/materialistic,https://github.com/hidroh/materialistic/blob/master/app/build.gradle,https://f-droid.org//packages/io.github.hidroh.materialistic
https://github.com/baiatBun/React,https://github.com/engSERGIU/React/blob/master/app/build.gradle,https://f-droid.org//packages/io.github.baiatbun.react
https://github.com/grmpl/StepandHeightcounter,https://github.com/grmpl/StepandHeightcounter/blob/master/app/build.gradle,https://f-droid.org//packages/grmpl.mk.stepandheightcounter
https://github.com/rootkiwi/an2linuxclient,https://github.com/rootkiwi/an2linuxclient/blob/master/app/build.gradle,https://f-droid.org//packages/kiwi.root.an2linuxclient
https://github.com/JBirdVegas/external_jbirdvegas_mGerrit,https://github.com/JBirdVegas/external_jbirdvegas_mGerrit/blob/master/app/build.gradle,https://f-droid.org//packages/com.jbirdvegas.mgerrit
https://github.com/queler/holokenmod,https://github.com/queler/holokenmod/blob/master/app/build.gradle,https://f-droid.org//packages/com.holokenmod
https://github.com/Freeyourgadget/Gadgetbridge,https://github.com/Freeyourgadget/Gadgetbridge/blob/master/app/build.gradle,https://f-droid.org//packages/nodomain.freeyourgadget.gadgetbridge
https://github.com/DanielBarnett714/Acastus,https://github.com/DanielBarnett714/Acastus/blob/master/app/build.gradle,https://f-droid.org//packages/me.dbarnett.acastus
https://github.com/SecUSo/privacy-friendly-dicer,https://github.com/SecUSo/privacy-friendly-dicer/blob/master/app/build.gradle,https://f-droid.org//packages/org.secuso.privacyfriendlydicer
https://github.com/SecUSo/privacy-friendly-memo-game,https://github.com/SecUSo/privacy-friendly-memo-game/blob/master/app/build.gradle,https://f-droid.org//packages/org.secuso.privacyfriendlymemory
https://github.com/phora/AeonDroid,https://github.com/phora/AeonDroid/blob/master/app/build.gradle,https://f-droid.org//packages/io.github.phora.aeondroid
https://github.com/engSERGIU/React,https://github.com/engSERGIU/React/blob/master/app/build.gradle,https://f-droid.org//packages/io.github.engsergiu.react
https://github.com/rparkins999/CalendarTrigger,https://github.com/rparkins999/CalendarTrigger/blob/master/app/build.gradle,https://f-droid.org//packages/uk.co.yahoo.p1rpp.calendartrigger
https://github.com/SecUSo/privacy-friendly-notes,https://github.com/SecUSo/privacy-friendly-notes/blob/master/app/build.gradle,https://f-droid.org//packages/org.secuso.privacyfriendlynotes
https://github.com/Papuh/PapuhWalls,https://github.com/Papuh/PapuhWalls/blob/master/app/build.gradle,https://f-droid.org//packages/com.alexcruz.papuhwalls
https://github.com/maxammann/music-cyclon,https://github.com/maxammann/music-cyclon/blob/master/app/build.gradle,https://f-droid.org//packages/max.music_cyclon
https://github.com/knilch0r/freeshisen,https://github.com/knilch0r/freeshisen/blob/master/app/build.gradle,https://f-droid.org//packages/de.cwde.freeshisen
https://github.com/CriticalMaps/criticalmaps-android,https://github.com/criticalmaps/criticalmaps-android/blob/master/app/build.gradle,https://f-droid.org//packages/de.stephanlindauer.criticalmaps
https://github.com/Maxr1998/home-assistant-Android,https://github.com/Maxr1998/home-assistant-Android/blob/master/app/build.gradle,https://f-droid.org//packages/io.homeassistant.android
https://github.com/OpenLauncherTeam/openlauncher,https://github.com/OpenLauncherTeam/openlauncher/blob/master/app/build.gradle,https://f-droid.org//packages/com.benny.openlauncher
https://github.com/Streetwalrus/android_usb_msd,https://github.com/Streetwalrus/android_usb_msd/blob/master/app/build.gradle,https://f-droid.org//packages/streetwalrus.usbmountr
https://github.com/caarmen/FRCAndroidWidget,https://github.com/caarmen/FRCAndroidWidget/blob/master/app/build.gradle,https://f-droid.org//packages/ca.rmen.android.frenchcalendar
https://github.com/WikiJourney/wikijourney_app,https://github.com/WikiJourney/wikijourney_app/blob/master/app/build.gradle,https://f-droid.org//packages/eu.wikijourney.wikijourney
https://github.com/proninyaroslav/libretorrent,https://github.com/proninyaroslav/libretorrent/blob/master/app/build.gradle,https://f-droid.org//packages/org.proninyaroslav.libretorrent
https://github.com/quarck/CalendarNotification,https://github.com/quarck/CalendarNotification/blob/master/app/build.gradle,https://f-droid.org//packages/com.github.quarck.calnotify
https://github.com/n76/Local-GSM-Backend,https://github.com/n76/Local-GSM-Backend/blob/master/app/build.gradle,https://f-droid.org//packages/org.fitchfamily.android.gsmlocation
https://github.com/Antonis427/veterondo,https://github.com/Antonis427/veterondo/blob/master/app/build.gradle,https://f-droid.org//packages/com.saladdressing.veterondo
https://github.com/google/ringdroid/,https://github.com/google/ringdroid/blob/master/app/build.gradle,https://f-droid.org//packages/com.ringdroid
https://github.com/kontalk/androidclient,https://github.com/kontalk/androidclient/blob/master/app/build.gradle,https://f-droid.org//packages/org.kontalk
https://www.github.com/Morlunk/Plumble,https://github.com/acomminos/Plumble/blob/master/app/build.gradle,https://f-droid.org//packages/com.morlunk.mumbleclient
https://github.com/JonasCz/save-for-offline,https://github.com/JonasCz/save-for-offline/blob/master/app/build.gradle,https://f-droid.org//packages/jonas.tool.saveForOffline
https://github.com/daktak/basketbuild_downloader,https://github.com/daktak/basketbuild_downloader/blob/master/app/build.gradle,https://f-droid.org//packages/org.basketbuilddownloader
https://github.com/passcard4android/PassCard,https://github.com/cryptofuture/PassCard/blob/master/app/build.gradle,https://f-droid.org//packages/com.passcard
https://github.com/scoutant/rpn,https://github.com/scoutant/rpn/blob/master/app/build.gradle,https://f-droid.org//packages/org.scoutant.rpn
https://github.com/JusticeRage/ApkTrack,https://github.com/JusticeRage/ApkTrack/blob/master/app/build.gradle,https://f-droid.org//packages/fr.kwiatkowski.ApkTrack
https://github.com/goexle/peanutEncryption,https://github.com/goexle/peanutEncryption/blob/master/app/build.gradle,https://f-droid.org//packages/peanutencryption.peanutencryption
https://github.com/y20k/transistor,https://github.com/y20k/transistor/blob/master/app/build.gradle,https://f-droid.org//packages/org.y20k.transistor
https://github.com/redfish64/TinyTravelTracker,https://github.com/redfish64/TinyTravelTracker/blob/master/app/build.gradle,https://f-droid.org//packages/com.rareventure.gps2
https://github.com/btcontract/wallet,https://github.com/btcontract/wallet/blob/master/app/build.gradle,https://f-droid.org//packages/com.btcontract.wallet
https://github.com/aario/killcamera,https://github.com/aario/killcamera/blob/master/app/build.gradle,https://f-droid.org//packages/info.aario.killcamera
https://github.com/0iras0r/ils-companion-android,https://github.com/0iras0r/ils-companion-android/blob/master/app/build.gradle,https://f-droid.org//packages/it.linuxday.torino
https://github.com/erickok/transdroid,https://github.com/erickok/transdroid/blob/master/app/build.gradle,https://f-droid.org//packages/org.transdroid.lite
https://github.com/bfabiszewski/ulogger-android,https://github.com/bfabiszewski/ulogger-android/blob/master/app/build.gradle,https://f-droid.org//packages/net.fabiszewski.ulogger
https://github.com/aykit/MyOwnNotes,https://github.com/aykit/MyOwnNotes/blob/master/app/build.gradle,https://f-droid.org//packages/org.aykit.MyOwnNotes
https://github.com/martykan/forecastie,https://github.com/martykan/forecastie/blob/master/app/build.gradle,https://f-droid.org//packages/cz.martykan.forecastie
https://github.com/FengMoeTeam/NHentai-android,https://github.com/FengMoeTeam/NHentai-android/blob/master/app/build.gradle,https://f-droid.org//packages/moe.feng.nhentai
https://github.com/sujithkanna/TouchDetector,https://github.com/sujithkanna/TouchDetector/blob/master/app/build.gradle,https://f-droid.org//packages/com.msapps.touchdetector
https://github.com/Vavassor/Tusky,https://github.com/Vavassor/Tusky/blob/master/app/build.gradle,https://f-droid.org//packages/com.keylesspalace.tusky
https://github.com/oe1rfc/CampFahrplan,https://github.com/oe1rfc/CampFahrplan/blob/master/app/build.gradle,https://f-droid.org//packages/net.wireloss.android.fahrplan.pw16
https://github.com/pR0Ps/DisableBatteryWarnings,https://github.com/pR0Ps/DisableBatteryWarnings/blob/master/app/build.gradle,https://f-droid.org//packages/ca.cmetcalfe.xposed.disablebatterywarnings
https://github.com/vanilla-music/vanilla-music-lyrics-search,https://github.com/vanilla-music/vanilla-music-lyrics-search/blob/master/app/build.gradle,https://f-droid.org//packages/com.kanedias.vanilla.lyrics
https://github.com/genonbeta/TrebleShot,https://github.com/genonbeta/TrebleShot/blob/master/app/build.gradle,https://f-droid.org//packages/com.genonbeta.TrebleShot
https://github.com/justdave/nwsweatheralertswidget,https://github.com/justdave/nwsweatheralertswidget/blob/master/app/build.gradle,https://f-droid.org//packages/net.justdave.nwsweatheralertswidget
https://github.com/conchyliculture/wikipoff,https://github.com/conchyliculture/wikipoff/blob/master/app/build.gradle,https://f-droid.org//packages/fr.renzo.wikipoff
https://github.com/httpdispatch/MissedNotificationsReminder,https://github.com/httpdispatch/MissedNotificationsReminder/blob/master/app/build.gradle,https://f-droid.org//packages/com.app.missednotificationsreminder
https://github.com/matejdro/PebbleDialer-Android,https://github.com/matejdro/PebbleDialer-Android/blob/master/app/build.gradle,https://f-droid.org//packages/com.matejdro.pebbledialer
https://github.com/EvanRespaut/Equate,https://github.com/EvanRespaut/Equate/blob/master/app/build.gradle,https://f-droid.org//packages/com.llamacorp.equate
https://github.com/farmerbb/Taskbar,https://github.com/farmerbb/Taskbar/blob/master/app/build.gradle,https://f-droid.org//packages/com.farmerbb.taskbar
https://github.com/SecUSo/privacy-friendly-todo-list,https://github.com/SecUSo/privacy-friendly-todo-list/blob/master/app/build.gradle,https://f-droid.org//packages/org.secuso.privacyfriendlytodolist
https://github.com/jiikuy/velocitycalculator,https://github.com/Jiikuy/VelocityCalculator/blob/master/app/build.gradle,https://f-droid.org//packages/ch.jiikuy.velocitycalculator
https://github.com/k3b/toGoZip,https://github.com/k3b/ToGoZip/blob/master/app/build.gradle,https://f-droid.org//packages/de.k3b.android.toGoZip
https://github.com/alexghr/bulkshare,https://github.com/alexghr/bulkshare/blob/master/app/build.gradle,https://f-droid.org//packages/me.alexghr.bulkshare.android.app2
https://github.com/hoihei/Silectric,https://github.com/hoihei/Silectric/blob/master/app/build.gradle,https://f-droid.org//packages/net.alaindonesia.silectric
https://github.com/RinatKurmaev/Tether-companion,https://github.com/RinatKurmaev/Tether-companion/blob/master/app/build.gradle,https://f-droid.org//packages/rino.org.tethercompanion
https://github.com/anthonycr/Lightning-Browser,https://github.com/anthonycr/Lightning-Browser/blob/dev/app/build.gradle,https://f-droid.org//packages/acr.browser.lightning
https://github.com/emmaguy/clean-status-bar,https://github.com/emmaguy/clean-status-bar/blob/master/app/build.gradle,https://f-droid.org//packages/com.emmaguy.cleanstatusbar
https://github.com/seguri/GetForegroundActivity,https://github.com/seguri/GetForegroundActivity/blob/master/app/build.gradle,https://f-droid.org//packages/name.seguri.android.getforegroundactivity
https://github.com/schaal/ocreader,https://github.com/schaal/ocreader/blob/master/app/build.gradle,https://f-droid.org//packages/email.schaal.ocreader
https://github.com/retrobits/son_of_hunkypunk,https://github.com/retrobits/son_of_hunkypunk/blob/master/app/build.gradle,https://f-droid.org//packages/org.andglkmod.hunkypunk
https://github.com/icasdri/Mather,https://github.com/icasdri/Mather/blob/master/app/build.gradle,https://f-droid.org//packages/org.icasdri.mather
https://github.com/pR0Ps/Entrust-IdentityGuard-Unblocker,https://github.com/pR0Ps/Entrust-IdentityGuard-Unblocker/blob/master/app/build.gradle,https://f-droid.org//packages/ca.pr0ps.xposed.entrustunblocker
https://github.com/erickok/transdroid,https://github.com/erickok/transdroid/blob/master/app/build.gradle,https://f-droid.org//packages/org.transdroid.full
https://github.com/0xpr03/VocableTrainer-Android,https://github.com/0xpr03/VocableTrainer-Android/blob/master/app/build.gradle,https://f-droid.org//packages/vocabletrainer.heinecke.aron.vocabletrainer
https://github.com/VREMSoftwareDevelopment/WifiAnalyzer,https://github.com/VREMSoftwareDevelopment/WiFiAnalyzer/blob/master/app/build.gradle,https://f-droid.org//packages/com.vrem.wifianalyzer
https://github.com/tasomaniac/OpenLinkWith,https://github.com/tasomaniac/OpenLinkWith/blob/master/app/build.gradle,https://f-droid.org//packages/com.tasomaniac.openwith.floss
https://github.com/seguri/IsPhoneEncrypted,https://github.com/seguri/IsPhoneEncrypted/blob/master/app/build.gradle,https://f-droid.org//packages/name.seguri.android.isphoneencrypted
https://github.com/szafir1100/drawable-notepad,https://github.com/tmarzeion/drawable-notepad/blob/master/app/build.gradle,https://f-droid.org//packages/com.tomaszmarzeion.notepad
https://github.com/ultramega/elementary,https://github.com/ultramega/elementary/blob/master/app/build.gradle,https://f-droid.org//packages/com.ultramegatech.ey
https://github.com/MrFlyingToasterman/Pijaret,https://github.com/MrFlyingToasterman/Pijaret/blob/master/app/build.gradle,https://f-droid.org//packages/dmusiolik.pijaret
https://github.com/mobimentum/dualsimreminder,https://github.com/mobimentum/dualsimreminder/blob/master/app/build.gradle,https://f-droid.org//packages/it.mobimentum.dualsimwidget
https://github.com/freeotp/freeotp-android,https://github.com/freeotp/freeotp-android/blob/master/app/build.gradle,https://f-droid.org//packages/org.fedorahosted.freeotp
https://github.com/manmal/hn-android,https://github.com/manmal/hn-android/blob/master/app/build.gradle,https://f-droid.org//packages/com.manuelmaly.hn
https://github.com/termux/termux-float,https://github.com/termux/termux-float/blob/master/app/build.gradle,https://f-droid.org//packages/com.termux.window
https://github.com/ScreamingHawk/phone-saver,https://github.com/ScreamingHawk/phone-saver/blob/master/app/build.gradle,https://f-droid.org//packages/link.standen.michael.phonesaver
https://github.com/Luorrak/Ouroboros,https://github.com/Luorrak/Ouroboros/blob/master/app/build.gradle,https://f-droid.org//packages/com.luorrak.ouroboros
https://github.com/rubenroy/Minimal-Todo,https://github.com/rubenroy/Minimal-Todo/blob/master/app/build.gradle,https://f-droid.org//packages/com.rubenroy.minimaltodo
https://github.com/toulibre/cdl-companion-android,https://github.com/toulibre/cdl-companion-android/blob/master/app/build.gradle,https://f-droid.org//packages/org.toulibre.capitoledulibre
https://github.com/SecUSo/privacy-friendly-weather,https://github.com/SecUSo/privacy-friendly-weather/blob/master/app/build.gradle,https://f-droid.org//packages/org.secuso.privacyfriendlyweather
https://github.com/rastating/DroidBeard,https://github.com/rastating/DroidBeard/blob/master/app/build.gradle,https://f-droid.org//packages/com.rastating.droidbeard
https://github.com/MichaelEvans/NightModeEnabler,https://github.com/MichaelEvans/NightModeEnabler/blob/master/app/build.gradle,https://f-droid.org//packages/org.michaelevans.nightmodeenabler
https://github.com/LeonardoCardoso/Multitouch-Test,https://github.com/LeonardoCardoso/Multitouch-Test/blob/master/app/build.gradle,https://f-droid.org//packages/com.leocardz.multitouch.test
https://github.com/aperifons/Wa-Tor,https://github.com/aperifons/Wa-Tor/blob/master/app/build.gradle,https://f-droid.org//packages/com.dirkgassen.wator
https://github.com/daktak/opengapps_downloader,https://github.com/daktak/opengapps_downloader/blob/master/app/build.gradle,https://f-droid.org//packages/org.opengappsdownloader
https://github.com/quaddy-services/DynamicNightLight,https://github.com/quaddy-services/DynamicNightLight/blob/master/app/build.gradle,https://f-droid.org//packages/de.quaddyservices.dynamicnightlight
https://github.com/rubenwardy/mtmods4android,https://github.com/rubenwardy/mtmods4android/blob/master/app/build.gradle,https://f-droid.org//packages/com.rubenwardy.minetestmodmanager
https://github.com/yeriomin/SmsScheduler,https://github.com/yeriomin/SmsScheduler/blob/master/app/build.gradle,https://f-droid.org//packages/com.github.yeriomin.smsscheduler
https://github.com/Neamar/KISS,https://github.com/Neamar/KISS/blob/master/app/build.gradle,https://f-droid.org//packages/fr.neamar.kiss
https://github.com/WIStudent/FreifunkAutoConnectApp,https://github.com/WIStudent/FreifunkAutoConnectApp/blob/master/app/build.gradle,https://f-droid.org//packages/com.example.tobiastrumm.freifunkautoconnect
https://github.com/xargsgrep/PortKnocker,https://github.com/xargsgrep/PortKnocker/blob/master/app/build.gradle,https://f-droid.org//packages/com.xargsgrep.portknocker
https://github.com/xxv/SuperGenPass,https://github.com/xxv/SuperGenPass/blob/master/app/build.gradle,https://f-droid.org//packages/info.staticfree.SuperGenPass
https://github.com/jtmcn/archwiki-viewer,https://github.com/jtmcn/archwiki-viewer/blob/master/app/build.gradle,https://f-droid.org//packages/com.jtmcn.archwiki.viewer
https://github.com/ppareit/swiftp,https://github.com/ppareit/swiftp/blob/master/app/build.gradle,https://f-droid.org//packages/be.ppareit.swiftp_free
https://github.com/danielmeek32/FlexibleWallpaper,https://github.com/danielmeek32/FlexibleWallpaper/blob/master/app/build.gradle,https://f-droid.org//packages/daniel_32.flexiblewallpaper
https://github.com/mridang/gasflow,https://github.com/mridang/gasflow/blob/master/app/build.gradle,https://f-droid.org//packages/com.mridang.speedo
https://github.com/qqq3/good-weather,https://github.com/qqq3/good-weather/blob/master/app/build.gradle,https://f-droid.org//packages/org.asdtm.goodweather
https://github.com/SibDev/BadPixels,https://github.com/SibDev/BadPixels/blob/master/app/build.gradle,https://f-droid.org//packages/tk.al54.dev.badpixels
https://github.com/caarmen/poet-assistant,https://github.com/caarmen/poet-assistant/blob/master/app/build.gradle,https://f-droid.org//packages/ca.rmen.android.poetassistant
https://github.com/segler-alex/RadioDroid,https://github.com/segler-alex/RadioDroid/blob/master/app/build.gradle,https://f-droid.org//packages/net.programmierecke.radiodroid2
https://github.com/M66B/FineGeotag,https://github.com/M66B/FineGeotag/blob/master/app/build.gradle,https://f-droid.org//packages/eu.faircode.finegeotag
https://github.com/velazcod/Tinfoil-Facebook,https://github.com/velazcod/Tinfoil-Facebook/blob/master/app/build.gradle,https://f-droid.org//packages/com.danvelazco.fbwrapper
https://github.com/richardchien/jigsaw-android,https://github.com/richardchien/jigsaw-android/blob/master/app/build.gradle,https://f-droid.org//packages/im.r_c.android.jigsaw
https://github.com/AnySoftKeyboard/AnySoftKeyboard,https://github.com/AnySoftKeyboard/AnySoftKeyboard/blob/master/app/build.gradle,https://f-droid.org//packages/com.menny.android.anysoftkeyboard
https://github.com/gatheringhallstudios/MHGenDatabase,https://github.com/gatheringhallstudios/MHGenDatabase/blob/develop/app/build.gradle,https://f-droid.org//packages/com.ghstudios.android.mhgendatabase
https://github.com/gsurrel/MessengerBypasser,https://github.com/gsurrel/MessengerBypasser/blob/master/app/build.gradle,https://f-droid.org//packages/org.surrel.messengerbypasser
https://github.com/YoeriNijs/NoteBuddy,https://github.com/YoeriNijs/NoteBuddy/blob/master/app/build.gradle,https://f-droid.org//packages/nl.yoerinijs.notebuddy
https://github.com/mathisdt/trackworktime,https://github.com/mathisdt/trackworktime/blob/master/app/build.gradle,https://f-droid.org//packages/org.zephyrsoft.trackworktime
https://github.com/glesik/wifireminders,https://github.com/glesik/wifireminders/blob/master/app/build.gradle,https://f-droid.org//packages/ru.glesik.wifireminders
https://github.com/daktak/androidpn-client,https://github.com/daktak/androidpn-client/blob/master/app/build.gradle,https://f-droid.org//packages/org.androidpn.client
https://github.com/helloworld1/AnyMemo,https://github.com/helloworld1/AnyMemo/blob/master/app/build.gradle,https://f-droid.org//packages/org.liberty.android.fantastischmemo
https://github.com/maxpower47/PinDroid,https://github.com/maxpower47/PinDroid/blob/master/app/build.gradle,https://f-droid.org//packages/com.pindroid
https://github.com/forrestguice/SuntimesWidget,https://github.com/forrestguice/SuntimesWidget/blob/master/app/build.gradle,https://f-droid.org//packages/com.forrestguice.suntimeswidget
https://github.com/ninelima/kwikEFIS,https://github.com/ninelima/kwikEFIS/blob/master/app/build.gradle,https://f-droid.org//packages/player.efis.data.eur.rus
https://github.com/rosenpin/More-For-GO,https://github.com/rosenpin-deprecated/More-For-GO/blob/master/app/build.gradle,https://f-droid.org//packages/com.tomer.poke.notifier
https://github.com/froodyapp/froody-android,https://github.com/froodyapp/froody-android/blob/master/app/build.gradle,https://f-droid.org//packages/io.github.froodyapp
https://github.com/quaap/Primary,https://github.com/quaap/Primary/blob/master/app/build.gradle,https://f-droid.org//packages/com.quaap.primary
https://github.com/gabm/TapAndTurn,https://github.com/gabm/TapAndTurn/blob/master/app/build.gradle,https://f-droid.org//packages/com.gabm.screenrotationcontrol
https://github.com/wikimedia/apps-android-wikipedia,https://github.com/wikimedia/apps-android-wikipedia/blob/master/app/build.gradle,https://f-droid.org//packages/org.wikipedia
https://github.com/sebastianrakel/fb-client-android,https://github.com/sebastianrakel/fb-client-android/blob/development/app/build.gradle,https://f-droid.org//packages/eu.devunit.fb_client
https://github.com/alt236/USB-Device-Info---Android,https://github.com/alt236/USB-Device-Info---Android/blob/master/app/build.gradle,https://f-droid.org//packages/aws.apps.usbDeviceEnumerator
https://github.com/glesik/wpgen,https://github.com/glesik/wpgen/blob/master/app/build.gradle,https://f-droid.org//packages/net.glsk.wpgen
https://github.com/SecUSo/privacy-friendly-ruler,https://github.com/SecUSo/privacy-friendly-ruler/blob/master/app/build.gradle,https://f-droid.org//packages/org.secuso.privacyfriendlyruler
https://github.com/murraycu/android-galaxyzoo,https://github.com/murraycu/android-galaxyzoo/blob/master/app/build.gradle,https://f-droid.org//packages/com.murrayc.galaxyzoo.app
https://github.com/mofosyne/NFCMessageBoard,https://github.com/mofosyne/NFCMessageBoard/blob/master/app/build.gradle,https://f-droid.org//packages/com.briankhuu.nfcmessageboard
https://github.com/SimpleMobileTools/Simple-Draw,https://github.com/SimpleMobileTools/Simple-Draw/blob/master/app/build.gradle,https://f-droid.org//packages/com.simplemobiletools.draw
https://github.com/tranquvis/SimpleSmsRemote,https://github.com/tranquvis/SimpleSmsRemote/blob/master/app/build.gradle,https://f-droid.org//packages/tranquvis.simplesmsremote
https://github.com/iamtrk/Device-Explorer,https://github.com/iamtrk/Device-Explorer/blob/master/app/build.gradle,https://f-droid.org//packages/com.iamtrk.androidexplorer
https://github.com/wbaumann/SmartReceiptsLibrary,https://github.com/wbaumann/SmartReceiptsLibrary/blob/master/app/build.gradle,https://f-droid.org//packages/wb.receiptspro
https://github.com/renyuneyun/Easer,https://github.com/renyuneyun/Easer/blob/master/app/build.gradle,https://f-droid.org//packages/ryey.easer
https://github.com/jajasuperman/HexColorTime,https://github.com/jajasuperman/HexColorTime/blob/master/app/build.gradle,https://f-droid.org//packages/com.eneko.hexcolortimewallpaper
https://github.com/HopEdia/android-client,https://github.com/HopEdia/android-client/blob/master/app/build.gradle,https://f-droid.org//packages/io.github.hopedia
https://github.com/nathanj/ogsdroid,https://github.com/nathanj/ogsdroid/blob/master/app/build.gradle,https://f-droid.org//packages/com.ogsdroid
https://github.com/EthACKdotOrg/orWall,https://github.com/EthACKdotOrg/orWall/blob/master/app/build.gradle,https://f-droid.org//packages/org.ethack.orwall
https://github.com/jlelse/teleposter,https://github.com/jlelse/teleposter/blob/master/app/build.gradle,https://f-droid.org//packages/telegra.ph
https://github.com/pocmo/Yaaic,https://github.com/pocmo/Yaaic/blob/master/app/build.gradle,https://f-droid.org//packages/org.yaaic
https://github.com/ianmcxa/ZephyrLogger,https://github.com/ianmcxa/ZephyrLogger/blob/master/app/build.gradle,https://f-droid.org//packages/org.mcxa.zephyrlogger
https://github.com/demantz/RFAnalyzer,https://github.com/demantz/RFAnalyzer/blob/master/app/build.gradle,https://f-droid.org//packages/com.mantz_it.rfanalyzer
https://github.com/adrianchifor/Swiftnotes,https://github.com/adrianchifor/Swiftnotes/blob/master/app/build.gradle,https://f-droid.org//packages/com.moonpi.swiftnotes
https://github.com/mannyamorim/metrictime,https://github.com/mannyamorim/MetricTime/blob/develop/app/build.gradle,https://f-droid.org//packages/com.mathi_amorim.emmanuel.metrictime
https://github.com/stefan-niedermann/nextcloud-notes,https://github.com/stefan-niedermann/nextcloud-notes/blob/master/app/build.gradle,https://f-droid.org//packages/it.niedermann.owncloud.notes
https://github.com/sryze/wirebug,https://github.com/sryze/wirebug/blob/master/app/build.gradle,https://f-droid.org//packages/com.github.sryze.wirebug
https://github.com/SimpleMobileTools/Simple-Calculator,https://github.com/SimpleMobileTools/Simple-Calculator/blob/master/app/build.gradle,https://f-droid.org//packages/com.simplemobiletools.calculator
https://github.com/raulhaag/MiMangaNu,https://github.com/raulhaag/MiMangaNu/blob/master/app/build.gradle,https://f-droid.org//packages/ar.rulosoft.mimanganu
https://github.com/xbmc/Kore,https://github.com/xbmc/Kore/blob/master/app/build.gradle,https://f-droid.org//packages/org.xbmc.kore
https://github.com/ninelima/kwikEFIS,https://github.com/ninelima/kwikEFIS/blob/master/app/build.gradle,https://f-droid.org//packages/player.efis.data.usa.can
https://github.com/pacien/tincapp,https://github.com/pacien/tincapp/blob/master/app/build.gradle,https://f-droid.org//packages/org.pacien.tincapp
https://github.com/null-dev/animeopenings-android,https://github.com/null-dev/animeopenings-android/blob/master/app/build.gradle,https://f-droid.org//packages/gq.nulldev.animeopenings.app
https://github.com/alaskalinuxuser/app_ship_capt_crew,https://github.com/alaskalinuxuser/app_ship_capt_crew/blob/master/app/build.gradle,https://f-droid.org//packages/com.alaskalinuxuser.shipcaptainandcrew
https://github.com/rosenpin/AlwaysOnAmoledPlugin,https://github.com/rosenpin/AlwaysOnAmoledPlugin/blob/master/app/build.gradle,https://f-droid.org//packages/tomer.com.alwaysonamoledplugin
https://github.com/zeapo/Android-Password-Store,https://github.com/zeapo/Android-Password-Store/blob/master/app/build.gradle,https://f-droid.org//packages/com.zeapo.pwdstore
https://github.com/bobthekingofegypt/BobBall,https://github.com/bobthekingofegypt/BobBall/blob/master/app/build.gradle,https://f-droid.org//packages/org.bobstuff.bobball
https://github.com/lordi/tickmate,https://github.com/lordi/tickmate/blob/master/app/build.gradle,https://f-droid.org//packages/de.smasi.tickmate
https://github.com/SecUSo/privacy-friendly-pin-mnemonic,https://github.com/SecUSo/privacy-friendly-pin-mnemonic/blob/master/app/build.gradle,https://f-droid.org//packages/org.secuso.privacyfriendlypin
https://github.com/betaglop/eve-control,https://github.com/betaglop/eve-control/blob/master/app/build.gradle,https://f-droid.org//packages/com.evenement.encapsulation
https://github.com/SimpleMobileTools/Simple-Notes,https://github.com/SimpleMobileTools/Simple-Notes/blob/master/app/build.gradle,https://f-droid.org//packages/com.simplemobiletools.notes
https://github.com/physphil/UnitConverterUltimate,https://github.com/physphil/UnitConverterUltimate/blob/develop/app/build.gradle,https://f-droid.org//packages/com.physphil.android.unitconverterultimate
https://github.com/mdecorde/BABYNAME,https://github.com/mdecorde/BABYNAME/blob/master/app/build.gradle,https://f-droid.org//packages/fr.hnit.babyname
https://github.com/cbeyls/fosdem-companion-android,https://github.com/cbeyls/fosdem-companion-android/blob/master/app/build.gradle,https://f-droid.org//packages/be.digitalia.fosdem
https://github.com/GunshipPenguin/open_flood,https://github.com/GunshipPenguin/open_flood/blob/master/app/build.gradle,https://f-droid.org//packages/com.gunshippenguin.openflood
https://github.com/graham22/Classic,https://github.com/graham22/Classic/blob/master/app/build.gradle,https://f-droid.org//packages/ca.farrelltonsolar.classic
https://github.com/Swati4star/Images-to-PDF,https://github.com/Swati4star/Images-to-PDF/blob/master/app/build.gradle,https://f-droid.org//packages/swati4star.createpdf
https://github.com/bronydell/MGKE_Android_App,https://github.com/bronydell/Android-MGKEapp/blob/master/app/build.gradle,https://f-droid.org//packages/ru.equestriadev.mgke
https://github.com/yeriomin/WorkoutLog,https://github.com/yeriomin/WorkoutLog/blob/master/app/build.gradle,https://f-droid.org//packages/com.github.yeriomin.workoutlog
https://github.com/lllllT/AtmosphereLogger,https://github.com/lllllT/AtmosphereLogger/blob/master/app/build.gradle,https://f-droid.org//packages/org.tamanegi.atmosphere
https://github.com/jsparber/CaptivePortalAutologin/,https://github.com/jsparber/CaptivePortalAutologin/blob/master/app/build.gradle,https://f-droid.org//packages/com.juliansparber.captiveportallogin
https://github.com/alaskalinuxuser/app_justnotes,https://github.com/alaskalinuxuser/app_justnotes/blob/master/app/build.gradle,https://f-droid.org//packages/com.alaskalinuxuser.justnotes
https://github.com/shkcodes/Lyrically,https://github.com/shkcodes/Lyrically/blob/master/app/build.gradle,https://f-droid.org//packages/com.shkmishra.lyrically
https://github.com/grzegorznittner/chanu,https://github.com/grzegorznittner/chanu/blob/ui-experimental/app/build.gradle,https://f-droid.org//packages/com.chanapps.four.activity
https://github.com/greenaddress/GreenBits,https://github.com/greenaddress/GreenBits/blob/master/app/build.gradle,https://f-droid.org//packages/com.greenaddress.greenbits_android_wallet.testnet
https://github.com/francescosoave/TIS_android,https://github.com/francescosoave/TIS_android/blob/master/app/build.gradle,https://f-droid.org//packages/italian.said.fran.theitaliansaid
https://github.com/fralik/Duorem,https://github.com/fralik/Duorem/blob/master/app/build.gradle,https://f-droid.org//packages/com.vadimfrolov.duorem
https://github.com/clementine-player/Android-Remote,https://github.com/clementine-player/Android-Remote/blob/master/app/build.gradle,https://f-droid.org//packages/de.qspool.clementineremote
https://github.com/no-go/FunPhonePuppet,https://github.com/no-go/FunPhonePuppet/blob/master/app/build.gradle,https://f-droid.org//packages/click.dummer.funphonepuppet
https://github.com/westnordost/StreetComplete,https://github.com/westnordost/StreetComplete/blob/master/app/build.gradle,https://f-droid.org//packages/de.westnordost.streetcomplete
https://github.com/TheTorProject/ooniprobe-android,https://github.com/TheTorProject/ooniprobe-android/blob/master/app/build.gradle,https://f-droid.org//packages/org.openobservatory.ooniprobe
https://github.com/bpellin/keepassdroid,https://github.com/bpellin/keepassdroid/blob/master/app/build.gradle,https://f-droid.org//packages/com.android.keepass
https://github.com/lexica/lexica,https://github.com/lexica/lexica/blob/master/app/build.gradle,https://f-droid.org//packages/com.serwylo.lexica
https://github.com/PhotoBackup/client-android,https://github.com/PhotoBackup/client-android/blob/master/app/build.gradle,https://f-droid.org//packages/fr.s13d.photobackup
https://github.com/daverix/urlforwarder,https://github.com/daverix/urlforwarder/blob/master/app/build.gradle,https://f-droid.org//packages/net.daverix.urlforward
https://github.com/connectbot/connectbot,https://github.com/connectbot/connectbot/blob/master/app/build.gradle,https://f-droid.org//packages/org.connectbot
https://github.com/bailuk/AAT,https://github.com/bailuk/AAT/blob/master/app/build.gradle,https://f-droid.org//packages/ch.bailu.aat
https://github.com/ndleyton/OneTwo,https://github.com/ndleyton/OneTwo/blob/master/app/build.gradle,https://f-droid.org//packages/com.nicue.onetwo
https://github.com/jonasoreland/runnerup/,https://github.com/jonasoreland/runnerup/blob/master/app/build.gradle,https://f-droid.org//packages/org.runnerup
https://github.com/SecUSo/privacy-friendly-shopping-list,https://github.com/SecUSo/privacy-friendly-shopping-list/blob/master/app/build.gradle,https://f-droid.org//packages/privacyfriendlyshoppinglist.secuso.org.privacyfriendlyshoppinglist
https://github.com/mozilla-mobile/focus-android,https://github.com/mozilla-mobile/focus-android/blob/master/app/build.gradle,https://f-droid.org//packages/org.mozilla.klar
https://github.com/quaap/DodaTheExploda,https://github.com/quaap/DodaTheExploda/blob/master/app/build.gradle,https://f-droid.org//packages/com.quaap.dodatheexploda
https://github.com/wallabag/android-app,https://github.com/wallabag/android-app/blob/master/app/build.gradle,https://f-droid.org//packages/fr.gaulupeau.apps.InThePoche
https://github.com/otakuchiyan/DNSman,https://github.com/otakuchiyan/DNSman/blob/master/app/build.gradle,https://f-droid.org//packages/io.github.otakuchiyan.dnsman
https://github.com/no-go/RickApp,https://github.com/no-go/RickApp/blob/master/app/build.gradle,https://f-droid.org//packages/click.dummer.rickapp
https://github.com/MajeurAndroid/Applications-Info,https://github.com/MajeurAndroid/Android-Applications-Info/blob/master/app/build.gradle,https://f-droid.org//packages/com.majeur.applicationsinfo
https://github.com/termux/termux-styling,https://github.com/termux/termux-styling/blob/master/app/build.gradle,https://f-droid.org//packages/com.termux.styling
https://github.com/loisaidasam/mta-fare-buster-android,https://github.com/loisaidasam/mta-fare-buster-android/blob/master/app/build.gradle,https://f-droid.org//packages/com.samsandberg.mtafarebuster
https://github.com/bamless/chromium-swe-updater,https://github.com/bamless/chromium-swe-updater/blob/master/app/build.gradle,https://f-droid.org//packages/chromiumupdater.bamless.com.chromiumsweupdater
https://github.com/mschlauch/comfortreader,https://github.com/mschlauch/comfortreader/blob/master/app/build.gradle,https://f-droid.org//packages/com.mschlauch.comfortreader
https://github.com/SLoeuillet/WIFI_EAP_SIM_Conf,https://github.com/SLoeuillet/WIFI_EAP_SIM_Conf/blob/master/app/build.gradle,https://f-droid.org//packages/net.loeuillet.wifi_eap_sim_conf
https://github.com/koelleChristian/trickytripper,https://github.com/koelleChristian/trickytripper/blob/master/app/build.gradle,https://f-droid.org//packages/de.koelle.christian.trickytripper
https://github.com/SimpleMobileTools/Simple-Camera,https://github.com/SimpleMobileTools/Simple-Camera/blob/master/app/build.gradle,https://f-droid.org//packages/com.simplemobiletools.camera
https://github.com/ninelima/kwikEFIS,https://github.com/ninelima/kwikEFIS/blob/master/app/build.gradle,https://f-droid.org//packages/player.efis.data.zar.aus
https://github.com/AmericanRedCross/OpenMapKitAndroid,https://github.com/AmericanRedCross/OpenMapKitAndroid/blob/master/app/build.gradle,https://f-droid.org//packages/org.redcross.openmapkit
https://github.com/LuK1337/TimeTable2,https://github.com/luk1337/TimeTable2/blob/master/app/build.gradle,https://f-droid.org//packages/com.luk.timetable2
https://github.com/k3b/CalendarIcsAdapter,https://github.com/k3b/CalendarIcsAdapter/blob/release-fdroid/app/build.gradle,https://f-droid.org//packages/de.k3b.android.calendar.ics.adapter
https://github.com/cemrich/zapp,https://github.com/cemrich/zapp/blob/master/app/build.gradle,https://f-droid.org//packages/de.christinecoenen.code.zapp
https://github.com/greenaddress/abcore,https://github.com/greenaddress/abcore/blob/master/app/build.gradle,https://f-droid.org//packages/com.greenaddress.abcore
https://github.com/jp-bennett/fwknop2,https://github.com/jp-bennett/Fwknop2/blob/master/app/build.gradle,https://f-droid.org//packages/org.cipherdyne.fwknop2
https://github.com/gsantner/kimai-android,https://github.com/gsantner/kimai-android/blob/master/app/build.gradle,https://f-droid.org//packages/de.live.gdev.timetracker
https://github.com/IvanVolosyuk/diskusage,https://github.com/IvanVolosyuk/diskusage/blob/master/app/build.gradle,https://f-droid.org//packages/com.google.android.diskusage
https://github.com/SimpleMobileTools/Simple-Flashlight,https://github.com/SimpleMobileTools/Simple-Flashlight/blob/master/app/build.gradle,https://f-droid.org//packages/com.simplemobiletools.flashlight
https://github.com/JohnMHarrisJr/BoogDroid,https://github.com/JohnMHarrisJr/BoogDroid/blob/master/app/build.gradle,https://f-droid.org//packages/me.johnmh.boogdroid
https://github.com/Kadabash/SyncOnWifi,https://github.com/Kadabash/SyncOnWifi/blob/master/app/build.gradle,https://f-droid.org//packages/org.t2.synconwifi
https://github.com/termux/termux-tasker,https://github.com/termux/termux-tasker/blob/master/app/build.gradle,https://f-droid.org//packages/com.termux.tasker
https://github.com/SecUSo/privacy-friendly-dice-game,https://github.com/SecUSo/privacy-friendly-dice-game/blob/master/app/build.gradle,https://f-droid.org//packages/org.secuso.privacyfriendlyyahtzeedicer
https://github.com/seizonsenryaku/HayaiLauncher,https://github.com/seizonsenryaku/HayaiLauncher/blob/master/app/build.gradle,https://f-droid.org//packages/com.hayaisoftware.launcher
https://github.com/mikljohansson/retroboy,https://github.com/mikljohansson/retroboy/blob/master/app/build.gradle,https://f-droid.org//packages/se.embargo.retroboy
https://github.com/y20k/trackbook,https://github.com/y20k/trackbook/blob/master/app/build.gradle,https://f-droid.org//packages/org.y20k.trackbook
https://github.com/CommonsLab/CommonsLab,https://github.com/CommonsLab/CommonsLab/blob/master/app/build.gradle,https://f-droid.org//packages/org.wikimedia.commons.wikimedia
https://github.com/chrisboyle/sgtpuzzles,https://github.com/chrisboyle/sgtpuzzles/blob/master/app/build.gradle,https://f-droid.org//packages/name.boyle.chris.sgtpuzzles
https://github.com/elboza/footguy,https://github.com/elboza/footguy/blob/master/app/build.gradle,https://f-droid.org//packages/com.iazasoft.footguy
https://github.com/theScrabi/SVG-redirect,https://github.com/theScrabi/SVG-redirect/blob/master/app/build.gradle,https://f-droid.org//packages/org.schabi.svgredirect
https://github.com/caarmen/scrumchatter,https://github.com/caarmen/scrumchatter/blob/master/app/build.gradle,https://f-droid.org//packages/ca.rmen.android.scrumchatter
https://github.com/ReeceStevens/ut_ewh_audiometer_2014,https://github.com/ReeceStevens/ut_ewh_audiometer_2014/blob/master/app/build.gradle,https://f-droid.org//packages/ut.ewh.audiometrytest
https://github.com/h42i/d00r-app,https://github.com/h42i/d00r-app/blob/master/app/build.gradle,https://f-droid.org//packages/com.hasi.hasid00r
https://github.com/renyuneyun/CamCov,https://github.com/renyuneyun/CamCov/blob/master/app/build.gradle,https://f-droid.org//packages/ryey.camcov
https://github.com/aravindsagar/ScreenShift,https://github.com/aravindsagar/ScreenShift/blob/master/app/build.gradle,https://f-droid.org//packages/com.sagar.screenshift2
https://github.com/mtotschnig/SendWithFtp,https://github.com/mtotschnig/SendWithFtp/blob/master/app/build.gradle,https://f-droid.org//packages/org.totschnig.sendwithftp
https://github.com/tasomaniac/hackdash,https://github.com/tasomaniac/hackdash/blob/master/app/build.gradle,https://f-droid.org//packages/com.tasomaniac.dashclock.hackerspace.floss
https://github.com/theScrabi/OpenHitboxStreams,https://github.com/theScrabi/OpenHitboxStreams/blob/master/app/build.gradle,https://f-droid.org//packages/org.schabi.openhitboxstreams
https://github.com/ZeeRooo/MaterialFBook,https://github.com/ZeeRooo/MaterialFBook/blob/master/app/build.gradle,https://f-droid.org//packages/me.zeeroooo.materialfb
https://github.com/sanbeg/flashlight,https://github.com/sanbeg/flashlight/blob/studio/app/build.gradle,https://f-droid.org//packages/io.github.sanbeg.flashlight
https://github.com/SecUSo/privacy-friendly-pedometer,https://github.com/SecUSo/privacy-friendly-pedometer/blob/master/app/build.gradle,https://f-droid.org//packages/org.secuso.privacyfriendlyactivitytracker
https://github.com/ebaschiera/TripleCamel,https://github.com/ebaschiera/TripleCamel/blob/master/app/build.gradle,https://f-droid.org//packages/com.ebaschiera.triplecamel
https://github.com/ninelima/kwikEFIS,https://github.com/ninelima/kwikEFIS/blob/master/app/build.gradle,https://f-droid.org//packages/player.efis.pfd
https://github.com/nvllsvm/Audinaut,https://github.com/nvllsvm/Audinaut/blob/master/app/build.gradle,https://f-droid.org//packages/net.nullsum.audinaut
https://github.com/indywidualny/FaceSlim,https://github.com/indywidualny/FaceSlim/blob/master/app/build.gradle,https://f-droid.org//packages/org.indywidualni.fblite
https://github.com/robert7k/sipswitch,https://github.com/robert7k/sipswitch/blob/master/app/build.gradle,https://f-droid.org//packages/eu.siebeck.sipswitch
https://github.com/daktak/xposed_downloader,https://github.com/daktak/xposed_downloader/blob/master/app/build.gradle,https://f-droid.org//packages/org.xposeddownloader
https://github.com/brarcher/budget-watch,https://github.com/brarcher/budget-watch/blob/master/app/build.gradle,https://f-droid.org//packages/protect.budgetwatch
https://github.com/aaronjwood/PortAuthority,https://github.com/aaronjwood/PortAuthority/blob/development/app/build.gradle,https://f-droid.org//packages/com.aaronjwood.portauthority
https://github.com/termux/termux-api,https://github.com/termux/termux-api/blob/master/app/build.gradle,https://f-droid.org//packages/com.termux.api
https://github.com/mridang/microchip,https://github.com/mridang/microchip/blob/master/app/build.gradle,https://f-droid.org//packages/com.mridang.throttle
https://github.com/Lanchon/sigspoof-checker,https://github.com/Lanchon/sigspoof-checker/blob/master/app/build.gradle,https://f-droid.org//packages/lanchon.sigspoof.checker
https://github.com/TobiasBielefeld/Simple-Solitaire,https://github.com/TobiasBielefeld/Simple-Solitaire/blob/master/app/build.gradle,https://f-droid.org//packages/de.tobiasbielefeld.solitaire
https://github.com/0xbb/otp-authenticator,https://github.com/0xbb/otp-authenticator/blob/master/app/build.gradle,https://f-droid.org//packages/net.bierbaumer.otp_authenticator
https://github.com/antennapod/AntennaPod,https://github.com/AntennaPod/AntennaPod/blob/develop/app/build.gradle,https://f-droid.org//packages/de.danoeh.antennapod
https://github.com/ccrama/Slide,https://github.com/ccrama/Slide/blob/master/app/build.gradle,https://f-droid.org//packages/me.ccrama.redditslide
https://github.com/n76/Symphony,https://github.com/n76/Symphony/blob/master/app/build.gradle,https://f-droid.org//packages/org.fitchfamily.android.symphony
https://github.com/haiwen/seadroid,https://github.com/haiwen/seadroid/blob/master/app/build.gradle,https://f-droid.org//packages/com.seafile.seadroid2
https://github.com/kwantam/batsHIIT,https://github.com/kwantam/batsHIIT/blob/master/app/build.gradle,https://f-droid.org//packages/org.jfet.batsHIIT
https://github.com/Skarafaz/mercury,https://github.com/Skarafaz/mercury/blob/master/app/build.gradle,https://f-droid.org//packages/it.skarafaz.mercury
https://github.com/mikifus/padland,https://github.com/mikifus/padland/blob/master/app/build.gradle,https://f-droid.org//packages/com.mikifus.padland
https://github.com/CarstenKarbach/MoTAC,https://github.com/CarstenKarbach/MoTAC/blob/motacmaster/app/build.gradle,https://f-droid.org//packages/de.karbach.tac
https://github.com/Utyff/pMetro,https://github.com/Utyff/pMetro/blob/master/app/build.gradle,https://f-droid.org//packages/com.utyf.pmetro
https://github.com/zouroboros/filmchecker,https://github.com/zouroboros/filmchecker/blob/master/app/build.gradle,https://f-droid.org//packages/me.murks.filmchecker
https://github.com/TobiasBielefeld/Simple-Brick-Games,https://github.com/TobiasBielefeld/Simple-Brick-Games/blob/master/app/build.gradle,https://f-droid.org//packages/de.tobiasbielefeld.brickgames
https://github.com/alandais/Pointeuse_S3I,https://github.com/alandais/Pointeuse_S3I/blob/master/app/build.gradle,https://f-droid.org//packages/fr.s3i.pointeuse
https://github.com/gjedeer/mylocation,https://github.com/gjedeer/mylocation/blob/master/app/build.gradle,https://f-droid.org//packages/net.mypapit.mobile.myposition
https://github.com/jklmnn/ParkenDD,https://github.com/jklmnn/ParkenDD/blob/master/app/build.gradle,https://f-droid.org//packages/de.jkliemann.parkendd
https://github.com/gsurrel/FacebookNotifications,https://github.com/gsurrel/FacebookNotifications/blob/master/app/build.gradle,https://f-droid.org//packages/org.surrel.facebooknotifications
https://github.com/derekcsm/hubble_gallery,https://github.com/derekcsm/hubble_gallery/blob/master/app/build.gradle,https://f-droid.org//packages/com.derek_s.hubble_gallery
https://github.com/ratmole/Mach3Pendant,https://github.com/ratmole/Mach3Pendant/blob/master/app/build.gradle,https://f-droid.org//packages/gr.ratmole.android.Mach3Pendant
https://github.com/scoute-dich/HHSMoodle,https://github.com/scoute-dich/HHSMoodle/blob/master/app/build.gradle,https://f-droid.org//packages/de.baumann.hhsmoodle
https://github.com/metinkale38/namaz-vakti-android,https://github.com/metinkale38/prayer-times-android/blob/master/app/build.gradle,https://f-droid.org//packages/com.metinkale.prayer
https://github.com/yeriomin/DumbphoneAssistant,https://github.com/yeriomin/DumbphoneAssistant/blob/master/app/build.gradle,https://f-droid.org//packages/com.github.yeriomin.dumbphoneassistant
https://github.com/anselm94/Torchie-Android,https://github.com/anselm94/Torchie-Android/blob/master/app/build.gradle,https://f-droid.org//packages/in.blogspot.anselmbros.torchie
https://github.com/WangDaYeeeeee/Mysplash,https://github.com/WangDaYeeeeee/Mysplash/blob/master/app/build.gradle,https://f-droid.org//packages/com.wangdaye.mysplash
https://github.com/tran-khoa/ANNO1404-Warenrechner-App,https://github.com/tran-khoa/ANNO1404-Warenrechner-App/blob/master/app/build.gradle,https://f-droid.org//packages/de.ktran.anno1404warenrechner
https://github.com/agateau/cat-avatar-generator-app,https://github.com/agateau/cat-avatar-generator-app/blob/master/app/build.gradle,https://f-droid.org//packages/com.agateau.catgenerator
https://github.com/premnirmal/StockTicker,https://github.com/premnirmal/StockTicker/blob/master/app/build.gradle,https://f-droid.org//packages/com.github.premnirmal.tickerwidget
https://github.com/enricocid/Color-picker-library,https://github.com/enricocid/Color-picker-library/blob/master/app/build.gradle,https://f-droid.org//packages/com.enrico.sample
https://github.com/Gittner/OSMBugs,https://github.com/ChristopherGittner/OSMBugs/blob/master/app/build.gradle,https://f-droid.org//packages/org.gittner.osmbugs
https://github.com/SecUSo/privacy-friendly-passwordgenerator,https://github.com/SecUSo/privacy-friendly-passwordgenerator/blob/master/app/build.gradle,https://f-droid.org//packages/org.secuso.privacyfriendlypasswordgenerator
https://github.com/czlee/debatekeeper,https://github.com/czlee/debatekeeper/blob/master/app/build.gradle,https://f-droid.org//packages/net.czlee.debatekeeper
https://github.com/M66B/NetGuard,https://github.com/M66B/NetGuard/blob/master/app/build.gradle,https://f-droid.org//packages/eu.faircode.netguard
https://github.com/sky-map-team/stardroid,https://github.com/sky-map-team/stardroid/blob/master/app/build.gradle,https://f-droid.org//packages/com.google.android.stardroid
https://github.com/melllvar/Spark360,https://github.com/pokebyte/Spark360/blob/master/app/build.gradle,https://f-droid.org//packages/com.akop.bach
https://github.com/otaconix/caffeinetile,https://github.com/otaconix/caffeinetile/blob/master/app/build.gradle,https://f-droid.org//packages/info.zwanenburg.caffeinetile
https://github.com/richsmith/sexytopo,https://github.com/richsmith/sexytopo/blob/master/app/build.gradle,https://f-droid.org//packages/org.hwyl.sexytopo
https://github.com/JakeLane/Toffeed,https://github.com/JakeLane/Toffeed/blob/master/app/build.gradle,https://f-droid.org//packages/me.jakelane.wrapperforfacebook
https://github.com/Mnkai/PGPClipper,https://github.com/Mnkai/PGPClipper/blob/master/app/build.gradle,https://f-droid.org//packages/moe.minori.pgpclipper
https://github.com/andstatus/andstatus,https://github.com/andstatus/andstatus/blob/master/app/build.gradle,https://f-droid.org//packages/org.andstatus.app
https://github.com/konradrenner/kolabnotes-android,https://github.com/konradrenner/kolabnotes-android/blob/master/app/build.gradle,https://f-droid.org//packages/org.kore.kolabnotes.android
https://github.com/quaap/PhoneFoneFun,https://github.com/quaap/PhoneFoneFun/blob/master/app/build.gradle,https://f-droid.org//packages/com.quaap.phonefonefun
https://github.com/tgwizard/sls,https://github.com/tgwizard/sls/blob/master/app/build.gradle,https://f-droid.org//packages/com.adam.aslfms
https://github.com/seguri/lock,https://github.com/seguri/Lock/blob/master/app/build.gradle,https://f-droid.org//packages/name.seguri.android.lock
https://github.com/openfoodfacts/openfoodfacts-androidapp,https://github.com/openfoodfacts/openfoodfacts-androidapp/blob/master/app/build.gradle,https://f-droid.org//packages/openfoodfacts.github.scrachx.openfood
https://github.com/abcdjdj/RootVerifier-APP,https://github.com/abcdjdj/RootVerifier-APP/blob/master/app/build.gradle,https://f-droid.org//packages/com.abcdjdj.rootverifier
https://github.com/SecUSo/privacy-friendly-sudoku,https://github.com/SecUSo/privacy-friendly-sudoku/blob/master/app/build.gradle,https://f-droid.org//packages/org.secuso.privacyfriendlysudoku
https://github.com/btimofeev/UniPatcher,https://github.com/btimofeev/UniPatcher/blob/master/app/build.gradle,https://f-droid.org//packages/org.emunix.unipatcher
https://github.com/vvolas/Awesome-Live-Wallpaper,https://github.com/vvolas/Awesome-Live-Wallpaper/blob/master/app/build.gradle,https://f-droid.org//packages/com.wolas.awesomewallpaper
https://github.com/ThibaudM/timelapse-sony,https://github.com/ThibaudM/timelapse-sony/blob/master/app/build.gradle,https://f-droid.org//packages/com.thibaudperso.sonycamera
https://github.com/nkanaev/bubble,https://github.com/nkanaev/bubble/blob/master/app/build.gradle,https://f-droid.org//packages/com.nkanaev.comics
https://github.com/jonasbleyl/Recurrence,https://github.com/jonasbleyl/recurrence/blob/master/app/build.gradle,https://f-droid.org//packages/com.bleyl.recurrence
https://github.com/intrications/intent-intercept,https://github.com/intrications/intent-intercept/blob/master/app/build.gradle,https://f-droid.org//packages/uk.co.ashtonbrsc.android.intentintercept
https://github.com/dougkeen/BartRunnerAndroid,https://github.com/dougkeen/BartRunnerAndroid/blob/master/app/build.gradle,https://f-droid.org//packages/com.dougkeen.bart
https://github.com/quaap/LaunchTime,https://github.com/quaap/LaunchTime/blob/master/app/build.gradle,https://f-droid.org//packages/com.quaap.launchtime
https://github.com/yaa110/Memento,https://github.com/yaa110/Memento/blob/master/app/build.gradle,https://f-droid.org//packages/github.yaa110.memento
https://github.com/nbossard/packlist,https://github.com/nbossard/packlist/blob/master/app/build.gradle,https://f-droid.org//packages/com.nbossard.packlist
https://github.com/orgzly/orgzly-android,https://github.com/orgzly/orgzly-android/blob/master/app/build.gradle,https://f-droid.org//packages/com.orgzly
https://github.com/gianluca-nitti/android-expr-eval,https://github.com/gianluca-nitti/android-expr-eval/blob/master/app/build.gradle,https://f-droid.org//packages/com.github.gianlucanitti.expreval
https://github.com/manuelsc/Lunary-Ethereum-Wallet,https://github.com/manuelsc/Lunary-Ethereum-Wallet/blob/master/app/build.gradle,https://f-droid.org//packages/com.rehanced.lunary
https://github.com/vanilla-music/vanilla-music-cover-fetch,https://github.com/vanilla-music/vanilla-music-cover-fetch/blob/master/app/build.gradle,https://f-droid.org//packages/com.kanedias.vanilla.coverfetch
https://github.com/stanipintjuk/Silverfish,https://github.com/stanipintjuk/Silverfish/blob/master/app/build.gradle,https://f-droid.org//packages/com.launcher.silverfish
https://github.com/opengemara/shiurim,https://github.com/opengemara/shiurim/blob/master/app/build.gradle,https://f-droid.org//packages/org.opengemara.shiurim
https://github.com/souch/SMP,https://github.com/souch/SMP/blob/master/app/build.gradle,https://f-droid.org//packages/souch.smp
https://github.com/Tortel/SysLog,https://github.com/Tortel/SysLog/blob/master/app/build.gradle,https://f-droid.org//packages/com.tortel.syslog
https://github.com/PowerInside/syncplayer,https://github.com/PowerInside/syncplayer/blob/master/app/build.gradle,https://f-droid.org//packages/io.github.powerinside.syncplay
https://github.com/VladThodo/behe-explorer,https://github.com/VladThodo/behe-explorer/blob/dev/app/build.gradle,https://f-droid.org//packages/com.vlath.beheexplorer
https://github.com/openfoodfacts/openfoodfacts-androidapp,https://github.com/openfoodfacts/openfoodfacts-androidapp/blob/master/app/build.gradle,https://f-droid.org//packages/openfoodfacts.github.scrachx.openbeauty
https://github.com/SecUSo/privacy-friendly-netmonitor,https://github.com/SecUSo/privacy-friendly-netmonitor/blob/master/app/build.gradle,https://f-droid.org//packages/org.secuso.privacyfriendlynetmonitor
https://github.com/artetxem/mitzuli,https://github.com/artetxem/mitzuli/blob/master/app/build.gradle,https://f-droid.org//packages/com.mitzuli
https://github.com/ScreamingHawk/fate-sheets,https://github.com/ScreamingHawk/fate-sheets/blob/master/app/build.gradle,https://f-droid.org//packages/link.standen.michael.fatesheets
https://github.com/rascarlo/AURdroid,https://github.com/rascarlo/AURdroid/blob/master/app/build.gradle,https://f-droid.org//packages/com.rascarlo.aurdroid
https://github.com/pascalfree/calendar-color,https://github.com/pascalfree/calendar-color/blob/master/app/build.gradle,https://f-droid.org//packages/ch.ihdg.calendarcolor
https://github.com/jatwigg/cmus-android-remote,https://github.com/jatwigg/cmus-android-remote/blob/master/app/build.gradle,https://f-droid.org//packages/com.joshtwigg.cmus.droid
https://github.com/aario/snotepad,https://github.com/aario/snotepad/blob/master/app/build.gradle,https://f-droid.org//packages/info.aario.snotepad
https://github.com/gateship-one/odyssey,https://github.com/gateship-one/odyssey/blob/master/app/build.gradle,https://f-droid.org//packages/org.gateshipone.odyssey
https://github.com/316k/android-fortune,https://github.com/316k/android-fortune/blob/master/app/build.gradle,https://f-droid.org//packages/org.legtux.m_316k.fortune
https://github.com/nextgis/android_gisapp,https://github.com/nextgis/android_gisapp/blob/master/app/build.gradle,https://f-droid.org//packages/com.nextgis.mobile
https://github.com/mpcjanssen/simpletask-android,https://github.com/mpcjanssen/simpletask-android/blob/master/app/build.gradle,https://f-droid.org//packages/nl.mpcjanssen.simpletask
https://github.com/chrismiceli/motp,https://github.com/chrismiceli/motp/blob/master/app/build.gradle,https://f-droid.org//packages/org.cry.otp
https://github.com/iexos/BipolAlarm,https://github.com/iexos/BipolAlarm/blob/master/app/build.gradle,https://f-droid.org//packages/net.iexos.musicalarm
https://github.com/dkanada/ICEcons,https://github.com/dkanada/ICEcons/blob/master/app/build.gradle,https://f-droid.org//packages/com.dkanada.icecons
https://github.com/brarcher/baby-sleep-sounds,https://github.com/brarcher/baby-sleep-sounds/blob/master/app/build.gradle,https://f-droid.org//packages/protect.babysleepsounds
https://github.com/scoute-dich/QuitSmoking,https://github.com/scoute-dich/QuitSmoking/blob/master/app/build.gradle,https://f-droid.org//packages/de.baumann.quitsmoking
https://github.com/paride/CopperPDF,https://github.com/paride/CopperPDF/blob/master/app/build.gradle,https://f-droid.org//packages/org.ninthfloor.copperpdf
https://github.com/1C3/ICEcons,https://github.com/1C3/ICEcons/blob/master/app/build.gradle,https://f-droid.org//packages/ovh.ice.icecons
https://github.com/eolwral/OSMonitor,https://github.com/eolwral/OSMonitor/blob/master/app/build.gradle,https://f-droid.org//packages/com.eolwral.osmonitor
https://github.com/renyuneyun/FLock,https://github.com/renyuneyun/FLock/blob/master/app/build.gradle,https://f-droid.org//packages/ryey.flock
https://github.com/qqq3/inventum,https://github.com/qqq3/inventum/blob/master/app/build.gradle,https://f-droid.org//packages/org.asdtm.fas
https://github.com/LukeStonehm/LogicalDefence,https://github.com/LukeStonehm/LogicalDefence/blob/master/app/build.gradle,https://f-droid.org//packages/za.co.lukestonehm.logicaldefence
https://github.com/kconger/org.thecongers.mtpms,https://github.com/kconger/org.thecongers.mtpms/blob/master/app/build.gradle,https://f-droid.org//packages/org.thecongers.mtpms
https://github.com/liato/android-bankdroid,https://github.com/liato/android-bankdroid/blob/master/app/build.gradle,https://f-droid.org//packages/com.liato.bankdroid
https://github.com/xn--nding-jua/PC_DIMMER_Android,https://github.com/xn--nding-jua/PC_DIMMER_Android/blob/master/app/build.gradle,https://f-droid.org//packages/de.phoenixstudios.pc_dimmer
https://github.com/valerio-bozzolan/AcrylicPaint,https://github.com/valerio-bozzolan/AcrylicPaint/blob/master/app/build.gradle,https://f-droid.org//packages/anupam.acrylic
https://github.com/SecUSo/privacy-friendly-qr-scanner,https://github.com/SecUSo/privacy-friendly-qr-scanner/blob/master/app/build.gradle,https://f-droid.org//packages/com.secuso.privacyFriendlyCodeScanner
https://github.com/SensorApps/Sensors2OSC,https://github.com/SensorApps/Sensors2OSC/blob/master/app/build.gradle,https://f-droid.org//packages/org.sensors2.osc
https://github.com/jamienicol/episodes,https://github.com/jamienicol/episodes/blob/master/app/build.gradle,https://f-droid.org//packages/org.jamienicol.episodes
https://github.com/hgdev-ch/toposuite-android,https://github.com/hgdev-ch/toposuite-android/blob/master/app/build.gradle,https://f-droid.org//packages/ch.hgdev.toposuite
https://github.com/rosenpin/Screenshot-Sharer,https://github.com/rosenpin/Screenshot-Sharer/blob/master/app/build.gradle,https://f-droid.org//packages/com.tomer.screenshotsharer
https://github.com/martykan/webTube,https://github.com/martykan/webTube/blob/master/app/build.gradle,https://f-droid.org//packages/cz.martykan.webtube
https://github.com/marcopar/SliderSynth,https://github.com/marcopar/SliderSynth/blob/master/app/build.gradle,https://f-droid.org//packages/eu.flatworld.android.slider
https://github.com/richardchien/clear-weather-android,https://github.com/richardchien/clear-weather-android/blob/master/app/build.gradle,https://f-droid.org//packages/im.r_c.android.clearweather
https://github.com/Renard1911/BaiApp,https://github.com/Renard1911/BaiApp/blob/master/app/build.gradle,https://f-droid.org//packages/org.bienvenidoainternet.app
https://github.com/imshyam/mintube,https://github.com/imshyam/mintube/blob/master/app/build.gradle,https://f-droid.org//packages/com.shapps.mintubeapp
https://github.com/PuffOpenSource/Puff-Android,https://github.com/PuffOpenSource/Puff-Android/blob/master/app/build.gradle,https://f-droid.org//packages/sun.bob.leela
https://github.com/ldionmarcil/OSRSHelper,https://github.com/ldionmarcil/OSRSHelper/blob/master/app/build.gradle,https://f-droid.org//packages/com.infonuascape.osrshelper
https://github.com/Tishka17/Point.im-Android,https://github.com/Tishka17/Point.im-Android/blob/master/app/build.gradle,https://f-droid.org//packages/org.itishka.pointim
https://github.com/beriain/PolarClock,https://github.com/beriain/PolarClock/blob/master/app/build.gradle,https://f-droid.org//packages/eu.polarclock
https://github.com/eidottermihi/rpicheck,https://github.com/eidottermihi/rpicheck/blob/master/app/build.gradle,https://f-droid.org//packages/de.eidottermihi.raspicheck
https://github.com/Yubico/yubioath-android,https://github.com/Yubico/yubioath-android/blob/master/app/build.gradle,https://f-droid.org//packages/com.yubico.yubioath
https://github.com/meefik/busybox,https://github.com/meefik/busybox/blob/master/app/build.gradle,https://f-droid.org//packages/ru.meefik.busybox
https://github.com/Leszek111/ReLaunchX,https://github.com/Leszek111/ReLaunchX/blob/master/app/build.gradle,https://f-droid.org//packages/com.gacode.relaunchx
https://github.com/meonwax/soundboard,https://github.com/meonwax/soundboard/blob/master/app/build.gradle,https://f-droid.org//packages/de.meonwax.soundboard
https://github.com/scoute-dich/PDFCreator,https://github.com/scoute-dich/PDFCreator/blob/master/app/build.gradle,https://f-droid.org//packages/de.baumann.pdfcreator
https://github.com/MGaetan89/ShowsRage,https://github.com/MGaetan89/ShowsRage/blob/master/app/build.gradle,https://f-droid.org//packages/com.mgaetan89.showsrage
https://github.com/fenimore/DemocracyDroid,https://github.com/fenimore/DemocracyDroid/blob/master/app/build.gradle,https://f-droid.org//packages/com.workingagenda.democracydroid
https://github.com/bottiger/SoundWaves,https://github.com/bottiger/SoundWaves/blob/master/app/build.gradle,https://f-droid.org//packages/org.bottiger.podcast
https://github.com/SpEcHiDe/WhatsAppTransmitter,https://github.com/SpEcHiDe/WhatsAppTransmitter/blob/master/app/build.gradle,https://f-droid.org//packages/me.shrimadhavuk.watransmitter
https://github.com/einmalfel/PodListen,https://github.com/einmalfel/PodListen/blob/master/app/build.gradle,https://f-droid.org//packages/com.einmalfel.podlisten
https://github.com/PaulWoitaschek/MaterialAudiobookPlayer,https://github.com/PaulWoitaschek/MaterialAudiobookPlayer/blob/master/app/build.gradle,https://f-droid.org//packages/de.ph1b.audiobook
https://github.com/SimpleMobileTools/Simple-Calendar,https://github.com/SimpleMobileTools/Simple-Calendar/blob/master/app/build.gradle,https://f-droid.org//packages/com.simplemobiletools.calendar
https://github.com/nv95/OpenManga,https://github.com/nv95/OpenManga/blob/master/app/build.gradle,https://f-droid.org//packages/org.nv95.openmanga
https://github.com/Berlin-Vegan/berlin-vegan-guide,https://github.com/Berlin-Vegan/berlin-vegan-guide/blob/master/app/build.gradle,https://f-droid.org//packages/org.berlin_vegan.bvapp
https://github.com/MrDoomy/Torch,https://github.com/MrDoomy/Torch/blob/master/app/build.gradle,https://f-droid.org//packages/com.doomy.torch
https://github.com/SimonMarquis/Android-SecretCodes,https://github.com/SimonMarquis/Android-SecretCodes/blob/master/app/build.gradle,https://f-droid.org//packages/fr.simon.marquis.secretcodes
https://github.com/AsteroidOS/AsteroidOSSync,https://github.com/AsteroidOS/AsteroidOSSync/blob/master/app/build.gradle,https://f-droid.org//packages/org.asteroidos.sync
https://github.com/Chessmasterrr/SimpleStatsWidget,https://github.com/Chessmasterrr/SimpleStatsWidget/blob/master/app/build.gradle,https://f-droid.org//packages/de.simplestatswidget
https://github.com/HugoGresse/Anecdote,https://github.com/HugoGresse/Anecdote/blob/master/app/build.gradle,https://f-droid.org//packages/io.gresse.hugo.anecdote
https://github.com/Wilm0r/giggity,https://github.com/Wilm0r/giggity/blob/master/app/build.gradle,https://f-droid.org//packages/net.gaast.giggity
https://github.com/Bubu/android-dice-game,https://github.com/Bubu/android-dice-game/blob/master/app/build.gradle,https://f-droid.org//packages/com.ridgelineapps.resdicegame
https://github.com/polypmer/devinettes-android,https://github.com/fenimore/devinettes-android/blob/master/app/build.gradle,https://f-droid.org//packages/com.workingagenda.devinettes
https://github.com/renancunha33/diolinux_webapp2,https://github.com/renancunha33/DiolinuxApp/blob/master/app/build.gradle,https://f-droid.org//packages/com.fullscreen
https://github.com/tananaev/traccar-client-android,https://github.com/tananaev/traccar-client-android/blob/master/app/build.gradle,https://f-droid.org//packages/org.traccar.client
https://github.com/commons-app/apps-android-commons,https://github.com/commons-app/apps-android-commons/blob/master/app/build.gradle,https://f-droid.org//packages/fr.free.nrw.commons
https://github.com/brarcher/rental-calc,https://github.com/brarcher/rental-calc/blob/master/app/build.gradle,https://f-droid.org//packages/protect.rentalcalc
https://github.com/andDevW/getChromium,https://github.com/andDevW/getChromium/blob/master/app/build.gradle,https://f-droid.org//packages/com.anddevw.getchromium
https://github.com/SimpleMobileTools/Simple-Gallery,https://github.com/SimpleMobileTools/Simple-Gallery/blob/master/app/build.gradle,https://f-droid.org//packages/com.simplemobiletools.gallery
https://github.com/SimpleMobileTools/Simple-File-Manager,https://github.com/SimpleMobileTools/Simple-File-Manager/blob/master/app/build.gradle,https://f-droid.org//packages/com.simplemobiletools.filemanager
https://github.com/dimtion/Shaarlier,https://github.com/dimtion/Shaarlier/blob/master/app/build.gradle,https://f-droid.org//packages/com.dimtion.shaarlier
https://github.com/javiersantos/WhatsAppBetaUpdater,https://github.com/javiersantos/WhatsAppBetaUpdater/blob/master/app/build.gradle,https://f-droid.org//packages/com.javiersantos.whatsappbetaupdater
https://github.com/DanielBarnett714/AddressToGPS,https://github.com/DanielBarnett714/AddressToGPS/blob/master/app/build.gradle,https://f-droid.org//packages/me.danielbarnett.addresstogps
https://github.com/faerbit/android-crond,https://github.com/Faerbit/android-crond/blob/master/app/build.gradle,https://f-droid.org//packages/it.faerb.crond
https://github.com/alaskalinuxuser/app_justcraigslist,https://github.com/alaskalinuxuser/app_justcraigslist/blob/master/app/build.gradle,https://f-droid.org//packages/com.alaskalinuxuser.justcraigslist
https://github.com/ojacquemart/vlilleChecker,https://github.com/ojacquemart/vlilleChecker/blob/master/app/build.gradle,https://f-droid.org//packages/com.vlille.checker
https://github.com/WikiJourney/wikijourney_app,https://github.com/WikiJourney/wikijourney_app/blob/master/app/build.gradle,https://f-droid.org//packages/com.wikijourney.wikijourney
https://github.com/kckrinke/onetimepad,https://github.com/kckrinke/onetimepad/blob/master/app/build.gradle,https://f-droid.org//packages/com.onest8.onetimepad
https://github.com/huckleberrypie/pollywog,https://github.com/huckleberrypie/Pollywog/blob/master/app/build.gradle,https://f-droid.org//packages/org.strawberryforum.pollywog
https://github.com/asnelt/derandom,https://github.com/asnelt/derandom/blob/master/app/build.gradle,https://f-droid.org//packages/org.asnelt.derandom
https://github.com/termux/termux-app,https://github.com/termux/termux-app/blob/master/app/build.gradle,https://f-droid.org//packages/com.termux
https://github.com/SensorApps/Sensors2Pd,https://github.com/SensorApps/Sensors2Pd/blob/master/app/build.gradle,https://f-droid.org//packages/org.sensors2.pd
https://github.com/Diaspora-for-Android/dandelion,https://github.com/Diaspora-for-Android/dandelion/blob/master/app/build.gradle,https://f-droid.org//packages/com.github.dfa.diaspora_android
https://github.com/ligi/IPFSDroid,https://github.com/ligi/IPFSDroid/blob/master/app/build.gradle,https://f-droid.org//packages/org.ligi.ipfsdroid
https://github.com/RyuzakiKK/NoteCrypt,https://github.com/RyuzakiKK/NoteCrypt/blob/master/app/build.gradle,https://f-droid.org//packages/com.notecryptpro
https://github.com/alaskalinuxuser/app_hourglass,https://github.com/alaskalinuxuser/app_hourglass/blob/master/app/build.gradle,https://f-droid.org//packages/com.alaskalinuxuser.hourglass
https://github.com/brarcher/loyalty-card-locker,https://github.com/brarcher/loyalty-card-locker/blob/master/app/build.gradle,https://f-droid.org//packages/protect.card_locker
https://github.com/dotWee/MicroPinner,https://github.com/dotWee/MicroPinner/blob/master/app/build.gradle,https://f-droid.org//packages/de.dotwee.micropinner
https://github.com/n76/wifi_backend,https://github.com/n76/wifi_backend/blob/master/app/build.gradle,https://f-droid.org//packages/org.fitchfamily.android.wifi_backend
https://github.com/ScreamingHawk/android-slideshow,https://github.com/ScreamingHawk/android-slideshow/blob/master/app/build.gradle,https://f-droid.org//packages/link.standen.michael.slideshow
https://github.com/scoute-dich/browser,https://github.com/scoute-dich/browser/blob/master/app/build.gradle,https://f-droid.org//packages/de.baumann.browser
https://github.com/vijai1996/screenrecorder,https://github.com/vijai1996/screenrecorder/blob/master/app/build.gradle,https://f-droid.org//packages/com.orpheusdroid.screenrecorder
https://github.com/philliphsu/ClockPlus,https://github.com/philliphsu/ClockPlus/blob/master/app/build.gradle,https://f-droid.org//packages/com.philliphsu.clock2
https://github.com/hypeapps/Endoscope,https://github.com/hypeapps/Endoscope/blob/master/app/build.gradle,https://f-droid.org//packages/pl.hypeapp.endoscope
https://github.com/ligi/etheremote,https://github.com/ligi/EtheRemote/blob/master/app/build.gradle,https://f-droid.org//packages/org.ligi.etheremote
https://github.com/tengusw/share_to_clipboard,https://github.com/tengusw/share_to_clipboard/blob/master/app/build.gradle,https://f-droid.org//packages/com.tengu.sharetoclipboard
https://github.com/brarcher/gift-card-guard,https://github.com/brarcher/gift-card-guard/blob/master/app/build.gradle,https://f-droid.org//packages/protect.gift_card_guard
https://github.com/spacecowboy/NotePad,https://github.com/spacecowboy/NotePad/blob/master/app/build.gradle,https://f-droid.org//packages/com.nononsenseapps.notepad
https://github.com/NyaaPantsu/NyaaPantsu-android-app,https://github.com/NyaaPantsu/NyaaPantsu-android-app/blob/master/app/build.gradle,https://f-droid.org//packages/cat.pantsu.nyaapantsu
https://github.com/T-Rex96/Easy_xkcd,https://github.com/T-Rex96/Easy_xkcd/blob/master/app/build.gradle,https://f-droid.org//packages/de.tap.easy_xkcd
https://github.com/mdecorde/BAC76,https://github.com/mdecorde/BAC76/blob/master/app/build.gradle,https://f-droid.org//packages/fr.hnit.riverferry
https://github.com/Andre1299/TUI-ConsoleLauncher,https://github.com/Andre1299/TUI-ConsoleLauncher/blob/master/app/build.gradle,https://f-droid.org//packages/ohi.andre.consolelauncher
https://github.com/theScrabi/Terminightor,https://github.com/theScrabi/Terminightor/blob/master/app/build.gradle,https://f-droid.org//packages/org.schabi.terminightor
https://github.com/arpitkh96/AmazeFileManager,https://github.com/arpitkh96/AmazeFileManager/blob/master/app/build.gradle,https://f-droid.org//packages/com.amaze.filemanager
https://github.com/JTechMe/JumpGo,https://github.com/JTechMe/JumpGo/blob/master/app/build.gradle,https://f-droid.org//packages/com.jtechme.jumpgo
https://github.com/crazyhitty/Munch,https://github.com/crazyhitty/Munch/blob/master/app/build.gradle,https://f-droid.org//packages/com.crazyhitty.chdev.ks.munch
https://github.com/inorichi/tachiyomi,https://github.com/inorichi/tachiyomi/blob/master/app/build.gradle,https://f-droid.org//packages/eu.kanade.tachiyomi
https://github.com/tuxmobil/CampFahrplan,https://github.com/tuxmobil/CampFahrplan/blob/master/app/build.gradle,https://f-droid.org//packages/nerd.tuxmobil.fahrplan.congress
https://github.com/fvasco/pinpoi,https://github.com/fvasco/pinpoi/blob/master/app/build.gradle,https://f-droid.org//packages/io.github.fvasco.pinpoi
https://github.com/mlsoft/Trycorder5,https://github.com/mlsoft/Trycorder5/blob/master/app/build.gradle,https://f-droid.org//packages/net.ddns.mlsoftlaberge.trycorder
https://github.com/Marlinski/Rumble,https://github.com/Marlinski/Rumble/blob/master/app/build.gradle,https://f-droid.org//packages/org.disrupted.rumble
https://github.com/etesync/android,https://github.com/etesync/android/blob/master/app/build.gradle,https://f-droid.org//packages/com.etesync.syncadapter
https://github.com/kenCode-de/smartcoins-wallet,https://github.com/kenCode-de/smartcoins-wallet/blob/master/app/build.gradle,https://f-droid.org//packages/de.bitsharesmunich.smartcoinswallet
https://github.com/phikal/ReGeX,https://github.com/phikal/ReGeX/blob/master/app/build.gradle,https://f-droid.org//packages/com.phikal.regex
https://github.com/AnaelMobilia/NextINpact-Unofficial,https://github.com/AnaelMobilia/NextINpact-Unofficial/blob/master/app/build.gradle,https://f-droid.org//packages/com.pcinpact
https://github.com/SimpleMobileTools/Simple-Music-Player,https://github.com/SimpleMobileTools/Simple-Music-Player/blob/master/app/build.gradle,https://f-droid.org//packages/com.simplemobiletools.musicplayer
https://github.com/zxalexis/guess,https://github.com/zxalexis/guess/blob/master/app/build.gradle,https://f-droid.org//packages/ru.zxalexis.ugaday
https://github.com/tasks/tasks,https://github.com/tasks/tasks/blob/master/app/build.gradle,https://f-droid.org//packages/org.tasks
https://github.com/walleth/walleth,https://github.com/walleth/walleth/blob/master/app/build.gradle,https://f-droid.org//packages/org.walleth
https://github.com/javierllorente/adc,https://github.com/javierllorente/adc/blob/master/app/build.gradle,https://f-droid.org//packages/com.javierllorente.adc
https://github.com/gabm/FancyPlaces,https://github.com/gabm/FancyPlaces/blob/master/app/build.gradle,https://f-droid.org//packages/com.gabm.fancyplaces
https://github.com/adavari/Todoer,https://github.com/adavari/Todoer/blob/master/app/build.gradle,https://f-droid.org//packages/atitel.com.todoer
https://github.com/fython/Blackbulb,https://github.com/fython/Blackbulb/blob/master/app/build.gradle,https://f-droid.org//packages/info.papdt.blackblub
https://github.com/servalproject/batphone,https://github.com/servalproject/batphone/blob/development/app/build.gradle,https://f-droid.org//packages/org.servalproject
https://github.com/SecUSo/privacy-friendly-torchlight,https://github.com/SecUSo/privacy-friendly-torchlight/blob/master/app/build.gradle,https://f-droid.org//packages/com.secuso.torchlight2
https://github.com/TTTDevs/NextCloudBookmarksAndroid,https://github.com/TTTDevs/NextCloudBookmarksAndroid/blob/master/app/build.gradle,https://f-droid.org//packages/com.tttdevs.stncbookmarks
https://github.com/yeriomin/YalpStore,https://github.com/yeriomin/YalpStore/blob/master/app/build.gradle,https://f-droid.org//packages/com.github.yeriomin.yalpstore
https://github.com/Adonai/Man-Man,https://github.com/Adonai/Man-Man/blob/master/app/build.gradle,https://f-droid.org//packages/com.adonai.manman
https://github.com/TeamNewPipe/NewPipe,https://github.com/TeamNewPipe/NewPipe/blob/master/app/build.gradle,https://f-droid.org//packages/org.schabi.newpipe
https://github.com/andresth/Kandroid,https://github.com/andresth/Kandroid/blob/master/app/build.gradle,https://f-droid.org//packages/in.andres.kandroid
https://github.com/subchannel13/EnchantedFortress,https://github.com/subchannel13/EnchantedFortress/blob/master/app/build.gradle,https://f-droid.org//packages/hr.kravarscan.enchantedfortress
https://github.com/termux/termux-widget,https://github.com/termux/termux-widget/blob/master/app/build.gradle,https://f-droid.org//packages/com.termux.widget
https://github.com/rosenpin/AlwaysOnDisplayAmoled,https://github.com/rosenpin/AlwaysOnDisplayAmoled/blob/master/app/build.gradle,https://f-droid.org//packages/com.tomer.alwayson
https://github.com/franciscofranco/Simple-Reboot-app,https://github.com/franciscofranco/Simple-Reboot-app/blob/master/app/build.gradle,https://f-droid.org//packages/simple.reboot.com
https://github.com/nguillaumin/osmtracker-android,https://github.com/nguillaumin/osmtracker-android/blob/master/app/build.gradle,https://f-droid.org//packages/me.guillaumin.android.osmtracker
https://github.com/whitequark/SIPCaller,https://github.com/whitequark/SIPCaller/blob/master/app/build.gradle,https://f-droid.org//packages/org.whitequark.sipcaller
https://github.com/Cj-Malone/Screens,https://github.com/Cj-Malone/Screens/blob/master/app/build.gradle,https://f-droid.org//packages/uk.co.keepawayfromfire.screens
https://github.com/pR0Ps/LocationShare,https://github.com/pR0Ps/LocationShare/blob/master/app/build.gradle,https://f-droid.org//packages/ca.cmetcalfe.locationshare
https://github.com/xmikos/SnooperStopper,https://github.com/xmikos/SnooperStopper/blob/master/app/build.gradle,https://f-droid.org//packages/cz.eutopia.snooperstopper
https://github.com/scoute-dich/Sieben,https://github.com/scoute-dich/Sieben/blob/master/app/build.gradle,https://f-droid.org//packages/de.baumann.sieben
https://github.com/erickok/transdroid-search,https://github.com/erickok/transdroid-search/blob/master/app/build.gradle,https://f-droid.org//packages/org.transdroid.search
https://github.com/easytargetmixel/micopi_android,https://github.com/easytargetmixel/micopi_android/blob/master/app/build.gradle,https://f-droid.org//packages/com.easytarget.micopi
https://github.com/mattgmg1990/miracast-widget,https://github.com/mattgmg1990/miracast-widget/blob/master/app/build.gradle,https://f-droid.org//packages/com.mattgmg.miracastwidget
https://github.com/reloZid/android-anuto,https://github.com/reloZid/android-anuto/blob/master/app/build.gradle,https://f-droid.org//packages/ch.logixisland.anuto
https://github.com/edsonduarte1990/reminders,https://github.com/edsonduarte1990/reminders/blob/master/app/build.gradle,https://f-droid.org//packages/com.lostrealm.lembretes
https://github.com/naman14/Timber,https://github.com/naman14/Timber/blob/master/app/build.gradle,https://f-droid.org//packages/naman14.timber
https://github.com/itds-consulting/android-silent-ping-sms,https://github.com/itds-consulting/android-silent-ping-sms/blob/master/app/build.gradle,https://f-droid.org//packages/com.itds.sms.ping
https://github.com/bparmentier/WiFiKeyShare,https://github.com/bparmentier/WiFiKeyShare/blob/master/app/build.gradle,https://f-droid.org//packages/be.brunoparmentier.wifikeyshare
https://github.com/SimpleMobileTools/Simple-App-Launcher,https://github.com/SimpleMobileTools/Simple-App-Launcher/blob/master/app/build.gradle,https://f-droid.org//packages/com.simplemobiletools.applauncher
https://github.com/jannispinter/jaws,https://github.com/jannispinter/jaws/blob/master/app/build.gradle,https://f-droid.org//packages/is.pinterjann.jaws
https://github.com/daneren2005/Subsonic,https://github.com/daneren2005/Subsonic/blob/edge/app/build.gradle,https://f-droid.org//packages/github.daneren2005.dsub
https://github.com/ValleZ/Paper-Wallet,https://github.com/ValleZ/Paper-Wallet/blob/master/app/build.gradle,https://f-droid.org//packages/ru.valle.btc
https://github.com/d4rken/reddit-android-appstore,https://github.com/d4rken/reddit-android-appstore/blob/dev/app/build.gradle,https://f-droid.org//packages/subreddit.android.appstore
https://github.com/pmarks-net/chromadoze,https://github.com/pmarks-net/chromadoze/blob/master/app/build.gradle,https://f-droid.org//packages/net.pmarks.chromadoze
https://github.com/pR0Ps/FlatConnectivityIcons,https://github.com/pR0Ps/FlatConnectivityIcons/blob/master/app/build.gradle,https://f-droid.org//packages/ca.cmetcalfe.xposed.flatconnectivityicons
https://github.com/martinchodev/RedPanal-Android-WebApp,https://github.com/martinchodev/RedPanal-Android-WebApp/blob/master/app/build.gradle,https://f-droid.org//packages/com.github.redpanal.android
https://github.com/Natureshadow/Zahnarztgeraeusche,https://github.com/Natureshadow/Zahnarztgeraeusche/blob/master/app/build.gradle,https://f-droid.org//packages/de.naturalnet.zahnarztgeraeusche
https://github.com/khuttun/NotificationNotes,https://github.com/khuttun/NotificationNotes/blob/master/app/build.gradle,https://f-droid.org//packages/com.khuttun.notificationnotes
https://github.com/vanilla-music/vanilla-music-tag-editor,https://github.com/vanilla-music/vanilla-music-tag-editor/blob/master/app/build.gradle,https://f-droid.org//packages/com.kanedias.vanilla.audiotag
https://github.com/ilijamt/android-adbm,https://github.com/ilijamt/android-adbm/blob/master/app/build.gradle,https://f-droid.org//packages/com.matoski.adbm
https://github.com/m0ppers/ElpeEfpeAndroid,https://github.com/m0ppers/ElpeEfpeAndroid/blob/master/app/build.gradle,https://f-droid.org//packages/koeln.mop.elpeefpe
https://github.com/Nyubis/Pomfshare,https://github.com/Nyubis/Pomfshare/blob/master/app/build.gradle,https://f-droid.org//packages/science.itaintrocket.pomfshare
https://github.com/MyIgel/EH17Fahrplan,https://github.com/MyIgel/EH17Fahrplan/blob/master/app/build.gradle,https://f-droid.org//packages/name.myigel.fahrplan.eh17
https://github.com/xpheres/AndroidAnalyticalTranslator,https://github.com/xpheres/AndroidAnalyticalTranslator/blob/master/app/build.gradle,https://f-droid.org//packages/com.example.root.analyticaltranslator
https://github.com/pot8oe/mythmote,https://github.com/pot8oe/mythmote/blob/master/app/build.gradle,https://f-droid.org//packages/tkj.android.homecontrol.mythmote
https://github.com/futurice/meeting-room-tablet,https://github.com/futurice/meeting-room-tablet/blob/master/app/build.gradle,https://f-droid.org//packages/com.futurice.android.reservator
https://github.com/scoute-dich/Weather,https://github.com/scoute-dich/Weather/blob/master/app/build.gradle,https://f-droid.org//packages/de.baumann.weather
https://github.com/jruesga/PhotoPhase,https://github.com/jruesga/PhotoPhase/blob/master/app/build.gradle,https://f-droid.org//packages/com.ruesga.android.wallpapers.photophase
https://github.com/Yonjuni/ExaltedDicer,https://github.com/Yonjuni/ExaltedDicer/blob/master/app/build.gradle,https://f-droid.org//packages/de.pinyto.exalteddicer
https://github.com/felixwiemuth/LinCal,https://github.com/felixwiemuth/LinCal/blob/master/app/build.gradle,https://f-droid.org//packages/felixwiemuth.lincal
https://github.com/quaap/SeafoodBerserker,https://github.com/quaap/SeafoodBerserker/blob/master/app/build.gradle,https://f-droid.org//packages/com.quaap.fishberserker
https://github.com/ligi/CampFahrplan,https://github.com/ligi/CampFahrplan/blob/master/app/build.gradle,https://f-droid.org//packages/org.ligi.fahrplan
https://github.com/blurpy/kouchat-android,https://github.com/blurpy/kouchat-android/blob/master/app/build.gradle,https://f-droid.org//packages/net.usikkert.kouchat.android
https://github.com/Sparker0i/Weather,https://github.com/Sparker0i/Weather/blob/master/app/build.gradle,https://f-droid.org//packages/com.a5corp.weather
https://github.com/aroblu94/langolonerd_android,https://github.com/langolonerdit/langolonerd_android/blob/develop/app/build.gradle,https://f-droid.org//packages/it.langolonerd.app
https://github.com/equeim/tremotesf-android,https://github.com/equeim/tremotesf-android/blob/master/app/build.gradle,https://f-droid.org//packages/org.equeim.tremotesf
https://github.com/DecentralizedAmateurPagingNetwork/DAPNETApp,https://github.com/DecentralizedAmateurPagingNetwork/DAPNETApp/blob/master/app/build.gradle,https://f-droid.org//packages/de.hampager.dapnetmobile
https://github.com/polypmer/fissure-android,https://github.com/fenimore/fissure-android/blob/master/app/build.gradle,https://f-droid.org//packages/com.workingagenda.fissure
https://github.com/ctodobom/OpenNoteScanner,https://github.com/ctodobom/OpenNoteScanner/blob/master/app/build.gradle,https://f-droid.org//packages/com.todobom.opennotescanner
https://github.com/phpsysinfo/psiandroid,https://github.com/phpsysinfo/psiandroid/blob/master/app/build.gradle,https://f-droid.org//packages/com.phpsysinfo
https://github.com/bparmentier/OpenBikeSharing,https://github.com/bparmentier/OpenBikeSharing/blob/master/app/build.gradle,https://f-droid.org//packages/be.brunoparmentier.openbikesharing.app
https://github.com/flocke/andOTP,https://github.com/flocke/andOTP/blob/master/app/build.gradle,https://f-droid.org//packages/org.shadowice.flocke.andotp
https://github.com/cryptofuture/urlhda-android,https://github.com/cryptofuture/urlhda-android/blob/master/app/build.gradle,https://f-droid.org//packages/me.hda.urlhda
https://github.com/firetech/PactrackDroid,https://github.com/firetech/PactrackDroid/blob/master/app/build.gradle,https://f-droid.org//packages/nu.firetech.android.pactrack
https://github.com/no-go/ViboraFeed,https://github.com/no-go/ViboraFeed/blob/master/app/build.gradle,https://f-droid.org//packages/de.vibora.viborafeed
https://github.com/mannd/epmobile,https://github.com/mannd/epmobile/blob/master/app/build.gradle,https://f-droid.org//packages/org.epstudios.epmobile
https://github.com/shymmq/librus-client,https://github.com/shymmq/librus-client/blob/master/app/build.gradle,https://f-droid.org//packages/pl.librus.client
https://github.com/amasciul/Drinks,https://github.com/amasciul/Drinks/blob/master/app/build.gradle,https://f-droid.org//packages/fr.masciulli.drinks
https://github.com/HoraApps/LeafPic,https://github.com/HoraApps/LeafPic/blob/dev/app/build.gradle,https://f-droid.org//packages/org.horaapps.leafpic
https://github.com/tananaev/rootless-logcat,https://github.com/tananaev/rootless-logcat/blob/master/app/build.gradle,https://f-droid.org//packages/com.tananaev.logcat
https://github.com/k3b/ContentProviderHelper,https://github.com/k3b/ContentProviderHelper/blob/FDroid/app/build.gradle,https://f-droid.org//packages/de.k3b.android.contentproviderhelper
https://github.com/Glucosio/android,https://github.com/Glucosio/glucosio-android/blob/develop/app/build.gradle,https://f-droid.org//packages/org.glucosio.android
https://github.com/mrksbrg/RacketGhost,https://github.com/mrksbrg/RacketGhost/blob/master/app/build.gradle,https://f-droid.org//packages/com.markusborg.test
https://github.com/flyingrub/SpeedMeter,https://github.com/flyingrub/SpeedMeter/blob/master/app/build.gradle,https://f-droid.org//packages/fly.speedmeter.grub
https://github.com/daktak/afh_downloader,https://github.com/daktak/afh_downloader/blob/master/app/build.gradle,https://f-droid.org//packages/org.afhdownloader
https://github.com/lpar/RPN,https://github.com/lpar/RPN/blob/master/app/build.gradle,https://f-droid.org//packages/com.ath0.rpn
https://github.com/michaelachmann/LnkShortener,https://github.com/michaelachmann/LnkShortener/blob/master/app/build.gradle,https://f-droid.org//packages/de.hirtenstrasse.michael.lnkshortener
https://github.com/cody82/sigfood,https://github.com/cody82/sigfood/blob/master/app/build.gradle,https://f-droid.org//packages/de.sigfood
https://github.com/slartus/4pdaClient-plus,https://github.com/slartus/4pdaClient-plus/blob/master/app/build.gradle,https://f-droid.org//packages/org.softeg.slartus.forpdaplus
https://github.com/RomanGolovanov/ametro,https://github.com/RomanGolovanov/ametro/blob/master/app/build.gradle,https://f-droid.org//packages/org.ametro
https://github.com/ram-on/NetcfgWidget,https://github.com/ram-on/NetcfgWidget/blob/master/app/build.gradle,https://f-droid.org//packages/free.rm.netcfgwidget
https://github.com/mbmb5/Eylca,https://github.com/mbmb5/Eylca/blob/master/app/build.gradle,https://f-droid.org//packages/mbmb5.lumixextendedcontrolapp
https://github.com/aidin36/simpletextcrypt,https://github.com/aidin36/simpletextcrypt/blob/master/app/build.gradle,https://f-droid.org//packages/com.aidinhut.simpletextcrypt
https://github.com/ram-on/SkyTube,https://github.com/ram-on/SkyTube/blob/master/app/build.gradle,https://f-droid.org//packages/free.rm.skytube.oss
https://github.com/arkon/CDFLabs,https://github.com/arkon/CDFLabs/blob/master/app/build.gradle,https://f-droid.org//packages/me.echeung.cdflabs
https://github.com/vanitasvitae/EnigmAndroid,https://github.com/vanitasvitae/EnigmAndroid/blob/master/app/build.gradle,https://f-droid.org//packages/de.vanitasvitae.enigmandroid
https://github.com/pjuu/droidotter/,https://github.com/pjuu/droidotter/blob/master/app/build.gradle,https://f-droid.org//packages/com.pjuu.otterdroid
https://github.com/MBach/AutoAirplaneMode,https://github.com/MBach/AutoAirplaneMode/blob/master/app/build.gradle,https://f-droid.org//packages/org.miamplayer.autoairplanemode
https://github.com/dkanada/OpenAPK,https://github.com/dkanada/OpenAPK/blob/master/app/build.gradle,https://f-droid.org//packages/com.dkanada.openapk
https://github.com/gsantner/memetastic,https://github.com/gsantner/memetastic/blob/master/app/build.gradle,https://f-droid.org//packages/io.github.gsantner.memetastic
https://github.com/42SK/TVKILL,https://github.com/42SK/TVKILL/blob/master/app/build.gradle,https://f-droid.org//packages/com.redirectapps.tvkill
https://github.com/quaap/AudioMeter,https://github.com/quaap/AudioMeter/blob/master/app/build.gradle,https://f-droid.org//packages/com.quaap.audiometer
https://github.com/mustafa01ali/SensorsSandbox,https://github.com/mustafa01ali/SensorsSandbox/blob/master/app/build.gradle,https://f-droid.org//packages/com.mustafaali.sensorssandbox
https://github.com/arnowelzel/periodical,https://github.com/arnowelzel/periodical/blob/master/app/build.gradle,https://f-droid.org//packages/de.arnowelzel.android.periodical
https://github.com/gateship-one/malp,https://github.com/gateship-one/malp/blob/master/app/build.gradle,https://f-droid.org//packages/org.gateshipone.malp
https://github.com/k3b/androFotoFinder,https://github.com/k3b/APhotoManager/blob/FDroid/app/build.gradle,https://f-droid.org//packages/de.k3b.android.androFotoFinder
https://github.com/tjg1/nori,https://github.com/tjg1/nori/blob/develop/app/build.gradle,https://f-droid.org//packages/io.github.tjg1.nori
https://github.com/queler/sharetobrowser,https://github.com/queler/ShareToBrowser/blob/master/app/build.gradle,https://f-droid.org//packages/aq.com.sharetobrowser
https://github.com/greenaddress/GreenBits,https://github.com/greenaddress/GreenBits/blob/master/app/build.gradle,https://f-droid.org//packages/com.greenaddress.greenbits_android_wallet
https://github.com/quaap/ComputationalDemonology,https://github.com/quaap/ComputationalDemonology/blob/master/app/build.gradle,https://f-droid.org//packages/com.quaap.computationaldemonology
https://github.com/no-go/AnotherRSS,https://github.com/no-go/AnotherRSS/blob/master/app/build.gradle,https://f-droid.org//packages/de.digisocken.anotherrss
https://github.com/phora/AndroPTPB,https://github.com/phora/AndroPTPB/blob/master/app/build.gradle,https://f-droid.org//packages/io.github.phora.androptpb
https://github.com/raatmarien/red-moon,https://github.com/raatmarien/red-moon/blob/master/app/build.gradle,https://f-droid.org//packages/com.jmstudios.redmoon
https://github.com/BenoitDuffez/AndroidCupsPrint/tree/fdroid,https://github.com/BenoitDuffez/AndroidCupsPrint/blob/fdroid/app/build.gradle,https://f-droid.org//packages/io.github.benoitduffez.cupsprint
https://github.com/julian-klode/dns66,https://github.com/julian-klode/dns66/blob/master/app/build.gradle,https://f-droid.org//packages/org.jak_linux.dns66
https://github.com/SteamGifts/SteamGifts,https://github.com/SteamGifts/SteamGifts/blob/master/app/build.gradle,https://f-droid.org//packages/net.mabako.steamgifts
https://github.com/Sensirion/SmartGadget-Android,https://github.com/Sensirion/SmartGadget-Android/blob/master/app/build.gradle,https://f-droid.org//packages/com.sensirion.smartgadget
https://github.com/dkim0419/SoundRecorder,https://github.com/dkim0419/SoundRecorder/blob/master/app/build.gradle,https://f-droid.org//packages/com.danielkim.soundrecorder
https://github.com/MarcelJurtz/MTG_LifeCounter,https://github.com/MarcelJurtz/MTG_LifeCounter/blob/master/app/build.gradle,https://f-droid.org//packages/com.marceljurtz.lifecounter
https://github.com/fixme-lausanne/MyHackerspace,https://github.com/fixme-lausanne/MyHackerspace/blob/master/app/build.gradle,https://f-droid.org//packages/ch.fixme.status
https://github.com/markusfisch/ShaderEditor,https://github.com/markusfisch/ShaderEditor/blob/master/app/build.gradle,https://f-droid.org//packages/de.markusfisch.android.shadereditor
https://github.com/rnauber/xskat-android/,https://github.com/rnauber/xskat-android/blob/master/app/build.gradle,https://f-droid.org//packages/de.xskat
https://github.com/gsantner/cherrymusic-android,https://github.com/gsantner/cherrymusic-android/blob/master/app/build.gradle,https://f-droid.org//packages/de.live.gdev.cherrymusic
https://github.com/no-go/TextThing,https://github.com/no-go/TextThing/blob/master/app/build.gradle,https://f-droid.org//packages/click.dummer.textthing
